Company,Website,Video,Logo,Major Hex,Minor Hex,First #1,Last #1,Email #1,First #2,Last #2,Email #2,First #3,Last #3,Email #3,Landing Page URL,"
"
Wal-Mart Stores,corporate.walmart.com,https://www.youtube.com/watch?v=8KZ8m4cpnyk,http://upload.wikimedia.org/wikipedia/commons/thumb/7/76/New_Walmart_Logo.svg/1280px-New_Walmart_Logo.svg.png,#1A75CF,#FDBB30,,,,,,,,,,,
Exxon Mobil,exxonmobil.com,https://www.youtube.com/watch?v=xL0g6JMjt8s,http://upload.wikimedia.org/wikipedia/commons/thumb/1/18/Exxon_Mobil_Logo.svg/2000px-Exxon_Mobil_Logo.svg.png,#C5271B,#F2F2F2,,,,,,,,,,,
Chevron,chevron.com,https://www.youtube.com/watch?v=4maj5SwANYo,http://logonoid.com/images/chevron-logo.png,#00ABEB,#E11736,,,,,,,,,,,
Berkshire Hathaway,berkshirehathaway.com,https://www.youtube.com/watch?v=XT-lVzPVU38,http://upload.wikimedia.org/wikipedia/commons/thumb/2/23/Berkshire_Hathaway.svg/1000px-Berkshire_Hathaway.svg.png,#2E3192,#FFFFFF,,,,,,,,,,,
Apple,apple.com,https://www.youtube.com/watch?v=y1nqy2CPbQU,http://i.imgur.com/hbh7Q.png,#000000,#FFFFFF,,,,,,,,,,,
Phillips 66,phillips66.com,https://www.youtube.com/watch?v=PF-lhNolKGw,http://upload.wikimedia.org/wikipedia/commons/thumb/4/4c/Phillips66-Logo.svg/2000px-Phillips66-Logo.svg.png,#CD2729,#000000,,,,,,,,,,,
General Motors,gm.com,https://www.youtube.com/watch?v=RvcTD3C9lRM,http://car-logos.org/wp-content/uploads/2011/09/gm.png,#1C458E,#FFFFFF,,,,,,,,,,,
Ford Motor,ford.com,https://www.youtube.com/watch?v=7Z56deqZ0lU,http://upload.wikimedia.org/wikipedia/commons/thumb/a/a0/Ford_Motor_Company_Logo.svg/2000px-Ford_Motor_Company_Logo.svg.png,#011D4C,#FFFFFF,,,,,,,,,,,
General Electric,ge.com,https://www.youtube.com/watch?v=ULvnRCh7PZI,http://upload.wikimedia.org/wikipedia/commons/thumb/f/ff/General_Electric_logo.svg/1024px-General_Electric_logo.svg.png,#3A73B8,#FEFFFE,,,,,,,,,,,
Valero Energy,valero.com,https://www.youtube.com/watch?v=cl-C-0RglA8,http://logonoid.com/images/valero-logo.png,#006B88,#FBB826,,,,,,,,,,,
AT&T,att.com,,,,,,,,,,,,,,,
CVS Caremark,cvscaremark.com,,,,,,,,,,,,,,,
Fannie Mae,fanniemae.com,,,,,,,,,,,,,,,
UnitedHealth Group,unitedhealthgroup.com,,,,,,,,,,,,,,,
McKesson,mckesson.com,,,,,,,,,,,,,,,
Verizon Communications,verizon.com,,,,,,,,,,,,,,,
Hewlett-Packard,hp.com,,,,,,,,,,,,,,,
J.P. Morgan Chase & Co.,jpmorganchase.com,,,,,,,,,,,,,,,
Costco Wholesale,costco.com,,,,,,,,,,,,,,,
Express Scripts Holding,express-scripts.com,,,,,,,,,,,,,,,
Bank of America,bankofamerica.com,,,,,,,,,,,,,,,
Cardinal Health,cardinal.com,,,,,,,,,,,,,,,
International Business Machines,ibm.com,,,,,,,,,,,,,,,
Kroger,thekrogerco.com,,,,,,,,,,,,,,,
Marathon Petroleum,marathonpetroleum.com,,,,,,,,,,,,,,,
Citigroup,citigroup.com,,,,,,,,,,,,,,,
Archer Daniels Midland,adm.com,,,,,,,,,,,,,,,
AmerisourceBergen,amerisourcebergen.com,,,,,,,,,,,,,,,
Wells Fargo,wellsfargo.com,,,,,,,,,,,,,,,
Boeing,boeing.com,,,,,,,,,,,,,,,
Procter & Gamble,pg.com,,,,,,,,,,,,,,,
Freddie Mac,freddiemac.com,,,,,,,,,,,,,,,
Home Depot,homedepot.com,,,,,,,,,,,,,,,
Microsoft,microsoft.com,,,,,,,,,,,,,,,
Amazon.com,amazon.com,,,,,,,,,,,,,,,
Target,target.com,,,,,,,,,,,,,,,
Walgreen Co.,walgreens.com,,,,,,,,,,,,,,,
WellPoint,wellpoint.com,,,,,,,,,,,,,,,
Johnson & Johnson,jnj.com,,,,,,,,,,,,,,,
American International Group,aig.com,,,,,,,,,,,,,,,
State Farm Insurance Cos.,statefarm.com,,,,,,,,,,,,,,,
MetLife,metlife.com,,,,,,,,,,,,,,,
PepsiCo,pepsico.com,,,,,,,,,,,,,,,
Comcast,comcastcorporation.com,,,,,,,,,,,,,,,
United Technologies,utc.com,,,,,,,,,,,,,,,
Google,google.com,,,,,,,,,,,,,,,
ConocoPhillips,conocophillips.com,,,,,,,,,,,,,,,
Dow Chemical,dow.com,,,,,,,,,,,,,,,
Caterpillar,caterpillar.com,,,,,,,,,,,,,,,
United Parcel Service,ups.com,,,,,,,,,,,,,,,
Pfizer,pfizer.com,,,,,,,,,,,,,,,
Lowe's Companies,lowes.com,,,,,,,,,,,,,,,
Intel Corporation,intel.com,,,,,,,,,,,,,,,
"Energy Transfer Equity, L.P.",energytransfer.com,,,,,,,,,,,,,,,
"Cisco Systems, Inc.",cisco.com,,,,,,,,,,,,,,,
Enterprise Products Partners L.P.,enterpriseproducts.com,,,,,,,,,,,,,,,
Aetna Inc.,aetna.com,,,,,,,,,,,,,,,
The Coca-Cola Company,coca-colacompany.com,,,,,,,,,,,,,,,
Lockheed Martin Corporation,lockheedmartin.com,,,,,,,,,,,,,,,
"Best Buy Co., Inc.",bestbuy.com,,,,,,,,,,,,,,,
The Walt Disney Company,disney.com,,,,,,,,,,,,,,,
CHS Inc.,chsinc.com,,,,,,,,,,,,,,,
Sysco Corporation,sysco.com,,,,,,,,,,,,,,,
FedEx Corporation,fedex.com,,,,,,,,,,,,,,,
"Merck & Co., Inc.",merck.com,,,,,,,,,,,,,,,
INTL FCStone Inc.,intlfcstone.com,,,,,,,,,,,,,,,
Safeway Inc.,safeway.com,,,,,,,,,,,,,,,
"Johnson Controls, Inc.",johnsoncontrols.com,,,,,,,,,,,,,,,
Ingram Micro Inc.,ingrammicro.com,,,,,,,,,,,,,,,
"Plains GP Holdings, L.P.",plainsallamerican.com,,,,,,,,,,,,,,,
World Fuel Services Corporation,wfscorp.com,,,,,,,,,,,,,,,
"Prudential Financial, Inc.",prudential.com,,,,,,,,,,,,,,,
Humana Inc.,humana.com,,,,,,,,,,,,,,,
"The Goldman Sachs Group, Inc.",gs.com,,,,,,,,,,,,,,,
Tesoro Corporation,tsocorp.com,,,,,,,,,,,,,,,
Liberty Mutual Holding Company Inc.,libertymutual.com,,,,,,,,,,,,,,,
Honeywell International Inc.,honeywell.com,,,,,,,,,,,,,,,
"United Continental Holdings, Inc.",unitedcontinentalholdings.com,,,,,,,,,,,,,,,
"HCA Holdings, Inc.",hcahealthcare.com,,,,,,,,,,,,,,,
Deere & Company,deere.com,,,,,,,,,,,,,,,
"Delta Air Lines, Inc.",delta.com,,,,,,,,,,,,,,,
Oracle Corporation,oracle.com,,,,,,,,,,,,,,,
Morgan Stanley,morganstanley.com,,,,,,,,,,,,,,,
Hess Corporation,hess.com,,,,,,,,,,,,,,,
"Twenty-First Century Fox, Inc.",21cf.com,,,,,,,,,,,,,,,
E.I. du Pont de Nemours and Company,dupont.com,,,,,,,,,,,,,,,
Sears Holdings Corporation,searsholdings.com,,,,,,,,,,,,,,,
New York Life Insurance Company,newyorklife.com,,,,,,,,,,,,,,,
"Mondelez International, Inc.",mondelezinternational.com,,,,,,,,,,,,,,,
American Express Company,americanexpress.com,,,,,,,,,,,,,,,
Nationwide Mutual Insurance Co.,nationwide.com,,,,,,,,,,,,,,,
The Allstate Corporation,allstate.com,,,,,,,,,,,,,,,
"Tyson Foods, Inc.",tysonfoods.com,,,,,,,,,,,,,,,
Supervalu Inc.,supervalu.com,,,,,,,,,,,,,,,
TIAA-CREF,tiaa-cref.org,,,,,,,,,,,,,,,
Massachusetts Mutual Life Insurance Company,massmutual.com,,,,,,,,,,,,,,,
CIGNA Corporation,cigna.com,,,,,,,,,,,,,,,
DIRECTV,directv.com,,,,,,,,,,,,,,,
General Dynamics Corporation,generaldynamics.com,,,,,,,,,,,,,,,
Philip Morris International Inc.,pmi.com,,,,,,,,,,,,,,,
3M Company,3m.com,,,,,,,,,,,,,,,
Time Warner Inc.,timewarner.com,,,,,,,,,,,,,,,
Halliburton Company,halliburton.com,,,,,,,,,,,,,,,
"Publix Super Markets, Inc.",publix.com,,,,,,,,,,,,,,,
International Paper Company,internationalpaper.com,,,,,,,,,,,,,,,
McDonald's Corporation,mcdonalds.com,,,,,,,,,,,,,,,
"Macy's, Inc.",macysinc.com,,,,,,,,,,,,,,,
"The TJX Companies, Inc.",tjx.com,,,,,,,,,,,,,,,
Fluor Corporation,fluor.com,,,,,,,,,,,,,,,
"Northwestern Mutual Life Insurance Company,Inc.",northwesternmutual.com,,,,,,,,,,,,,,,
Tech Data Corporation,techdata.com,,,,,,,,,,,,,,,
American Airlines Group Inc.,aa.com,,,,,,,,,,,,,,,
"The Hartford Financial Services Group, Inc.",thehartford.com,,,,,,,,,,,,,,,
"The Travelers Companies, Inc.",travelers.com,,,,,,,,,,,,,,,
"Nike, Inc.",nikeinc.com,,,,,,,,,,,,,,,
Occidental Petroleum Corporation,oxy.com,,,,,,,,,,,,,,,
"Avnet, Inc.",avnet.com,,,,,,,,,,,,,,,
Rite Aid Corporation,riteaid.com,,,,,,,,,,,,,,,
Exelon Corporation,exeloncorp.com,,,,,,,,,,,,,,,
Qualcomm Incorporated,qualcomm.com,,,,,,,,,,,,,,,
Emerson Electric Co.,emerson.com,,,,,,,,,,,,,,,
Northrop Grumman Corporation,northropgrumman.com,,,,,,,,,,,,,,,
Duke Energy Corporation,duke-energy.com,,,,,,,,,,,,,,,
Capital One Financial Corporation,capitalone.com,,,,,,,,,,,,,,,
Aflac Incorporated,aflac.com,,,,,,,,,,,,,,,
Raytheon Company,raytheon.com,,,,,,,,,,,,,,,
"Staples, Inc.",staples.com,,,,,,,,,,,,,,,
EMC Corporation,emc.com,,,,,,,,,,,,,,,
Eli Lilly and Company,lilly.com,,,,,,,,,,,,,,,
Alcoa Inc.,alcoa.com,,,,,,,,,,,,,,,
"National Oilwell Varco, Inc.",nov.com,,,,,,,,,,,,,,,
Baker Hughes Incorporated,bakerhughes.com,,,,,,,,,,,,,,,
"US Foods, Inc.",usfoods.com,,,,,,,,,,,,,,,
Time Warner Cable Inc.,twc.com,,,,,,,,,,,,,,,
Union Pacific Corporation,up.com,,,,,,,,,,,,,,,
Abbott Laboratories,abbott.com,,,,,,,,,,,,,,,
Xerox Corporation,xerox.com,,,,,,,,,,,,,,,
"Arrow Electronics, Inc",arrow.com,,,,,,,,,,,,,,,
Kimberly-Clark Corporation,kimberly-clark.com,,,,,,,,,,,,,,,
U.S. Bancorp,usbank.com,,,,,,,,,,,,,,,
United Services Automobile Association,usaa.com,,,,,,,,,,,,,,,
Freeport-McMoRan Copper & Gold Inc.,fcx.com,,,,,,,,,,,,,,,
Icahn Enterprises L.P.,ielp.com,,,,,,,,,,,,,,,
ManpowerGroup Inc.,manpowergroup.com,,,,,,,,,,,,,,,
HollyFrontier Corporation,hollyfrontier.com,,,,,,,,,,,,,,,
Global Partners LP,globalp.com,,,,,,,,,,,,,,,
The Goodyear Tire & Rubber Company,goodyear.com,,,,,,,,,,,,,,,
PBF Energy Inc.,"www,pbfenergy.com",,,,,,,,,,,,,,,
Danaher Corporation,danaher.com,,,,,,,,,,,,,,,
Nucor Corporation,nucor.com,,,,,,,,,,,,,,,
Kohl's Corporation,kohlscorporation.com,,,,,,,,,,,,,,,
AbbVie Inc.,abbvie.com,,,,,,,,,,,,,,,
Whirlpool Corporation,whirlpoolcorp.com,,,,,,,,,,,,,,,
Amgen Inc.,amgen.com,,,,,,,,,,,,,,,
"Jabil Circuit, Inc.",jabil.com,,,,,,,,,,,,,,,
"Kraft Foods Group, Inc.",kraftfoodsgroup.com,,,,,,,,,,,,,,,
The Progressive Corporation,progressive.com,,,,,,,,,,,,,,,
"CenturyLink, Inc.",centurylink.com,,,,,,,,,,,,,,,
"General Mills, Inc.",generalmills.com,,,,,,,,,,,,,,,
Southwest Airlines Co.,southwest.com,,,,,,,,,,,,,,,
"Altria Group, Inc.",altria.com,,,,,,,,,,,,,,,
"AutoNation, Inc.",autonation.com,,,,,,,,,,,,,,,
Chesapeake Energy Corporation,chk.com,,,,,,,,,,,,,,,
Dollar General Corporation,dollargeneral.com,,,,,,,,,,,,,,,
TRW Automotive Holdings Corp.,trw.com,,,,,,,,,,,,,,,
United States Steel Corporation,ussteel.com,,,,,,,,,,,,,,,
Colgate-Palmolive Company,colgatepalmolive.com,,,,,,,,,,,,,,,
Cummins Inc.,cummins.com,,,,,,,,,,,,,,,
PACCAR Inc,paccar.com,,,,,,,,,,,,,,,
The Southern Company,southerncompany.com,,,,,,,,,,,,,,,
Illinois Tool Works Inc.,itw.com,,,,,,,,,,,,,,,
"The PNC Financial Services Group, Inc.",pnc.com,,,,,,,,,,,,,,,
"Medtronic, Inc.",medtronic.com,,,,,,,,,,,,,,,
The AES Corporation,aes.com,,,,,,,,,,,,,,,
Murphy USA Inc.,corporate.murphyusa.com,,,,,,,,,,,,,,,
Bristol-Myers Squibb Company,bms.com,,,,,,,,,,,,,,,
Lear Corporation,lear.com,,,,,,,,,,,,,,,
"The Gap, Inc.",gapinc.com,,,,,,,,,,,,,,,
Apache Corporation,apachecorp.com,,,,,,,,,,,,,,,
eBay Inc.,ebayinc.com,,,,,,,,,,,,,,,
The Bank of New York Mellon Corporation,bnymellon.com,,,,,,,,,,,,,,,
CBS Corporation,cbscorporation.com,,,,,,,,,,,,,,,
PG&E Corporation,pge.com,,,,,,,,,,,,,,,
"ConAgra Foods, Inc.",conagrafoods.com,,,,,,,,,,,,,,,
Computer Sciences Corporation,csc.com,,,,,,,,,,,,,,,
"American Electric Power Company, Inc.",aep.com,,,,,,,,,,,,,,,
Western Digital Corporation,westerndigital.com,,,,,,,,,,,,,,,
Marathon Oil Corporation,marathonoil.com,,,,,,,,,,,,,,,
Baxter International Inc.,baxter.com,,,,,,,,,,,,,,,
"PPG Industries, Inc.",ppg.com,,,,,,,,,,,,,,,
"NextEra Energy, Inc.",nexteraenergy.com,,,,,,,,,,,,,,,
"Community Health Systems, Inc.",chs.net,,,,,,,,,,,,,,,
Loews Corporation,loews.com,,,,,,,,,,,,,,,
"Penske Automotive Group, Inc.",penskeautomotive.com,,,,,,,,,,,,,,,
FirstEnergy Corp.,firstenergycorp.com,,,,,,,,,,,,,,,
Starbucks Corporation,starbucks.com,,,,,,,,,,,,,,,
Monsanto Company,monsanto.com,,,,,,,,,,,,,,,
Kellogg Company,kelloggcompany.com,,,,,,,,,,,,,,,
"Land O'Lakes, Inc.",landolakesinc.com,,,,,,,,,,,,,,,
"ONEOK, Inc.",oneok.com,,,,,,,,,,,,,,,
Omnicom Group Inc.,omnicomgroup.com,,,,,,,,,,,,,,,
Anadarko Petroleum Corporation,anadarko.com,,,,,,,,,,,,,,,
"EOG Resources, Inc.",eogresources.com,,,,,,,,,,,,,,,
DISH Network Corporation,dish.com,,,,,,,,,,,,,,,
Genuine Parts Company,genpt.com,,,,,,,,,,,,,,,
"Kinder Morgan, Inc.",kindermorgan.com,,,,,,,,,,,,,,,
"Waste Management, Inc.",wm.com,,,,,,,,,,,,,,,
The Chubb Corporation,chubb.com,,,,,,,,,,,,,,,
Aramark Holdings Corporation,aramark.com,,,,,,,,,,,,,,,
Viacom Inc.,viacom.com,,,,,,,,,,,,,,,
Las Vegas Sands Corp.,sands.com,,,,,,,,,,,,,,,
"Dominion Resources, Inc.",dom.com,,,,,,,,,,,,,,,
Ecolab Inc.,ecolab.com,,,,,,,,,,,,,,,
"Smithfield Foods, Inc.",smithfieldfoods.com,,,,,,,,,,,,,,,
Thermo Fisher Scientific Inc.,thermofisher.com,,,,,,,,,,,,,,,
"Yum! Brands, Inc.",yum.com,,,,,,,,,,,,,,,
Parker-Hannifin Corporation,parker.com,,,,,,,,,,,,,,,
"Whole Foods Market, Inc.",wholefoodsmarket.com,,,,,,,,,,,,,,,
"Marriott International, Inc.",marriott.com,,,,,,,,,,,,,,,
"C. H. Robinson Worldwide, Inc.",chrobinson.com,,,,,,,,,,,,,,,
"L-3 Communications Holdings, Inc.",l-3com.com,,,,,,,,,,,,,,,
Edison International,edisoninvestor.com,,,,,,,,,,,,,,,
"Toys ""R"" Us, Inc.",toysrusinc.com,,,,,,,,,,,,,,,
"Nordstrom, Inc.",nordstrom.com,,,,,,,,,,,,,,,
"Consolidated Edison, Inc.",conedison.com,,,,,,,,,,,,,,,
"Marsh & McLennan Companies, Inc.",mmc.com,,,,,,,,,,,,,,,
Texas Instruments Incorporated,ti.com,,,,,,,,,,,,,,,
Textron Inc.,textron.com,,,,,,,,,,,,,,,
Tenet Healthcare Corporation,tenethealth.com,,,,,,,,,,,,,,,
DaVita HealthCare Partners Inc.,davita.com,,,,,,,,,,,,,,,
CSX Corporation,csx.com,,,,,,,,,,,,,,,
Lincoln National Corporation,lfg.com,,,,,,,,,,,,,,,
"Praxair, Inc.",praxair.com,,,,,,,,,,,,,,,
PPL Corporation,pplweb.com,,,,,,,,,,,,,,,
"J.C. Penney Company, Inc.",jcpenney.com,,,,,,,,,,,,,,,
"Peter Kiewit Sons', Inc.",kiewit.com,,,,,,,,,,,,,,,
Jacobs Engineering Group Inc.,jacobs.com,,,,,,,,,,,,,,,
Visa Inc.,corporate.visa.com,,,,,,,,,,,,,,,
H.J. Heinz Company,heinz.com,,,,,,,,,,,,,,,
"CarMax, Inc.",carmax.com,,,,,,,,,,,,,,,
V.F. Corporation,vfc.com,,,,,,,,,,,,,,,
Entergy Corporation,entergy.com,,,,,,,,,,,,,,,
"Automatic Data Processing, Inc.",adp.com,,,,,,,,,,,,,,,
"NRG Energy, Inc.",nrgenergy.com,,,,,,,,,,,,,,,
Guardian Life Ins. Co. of America,guardianlife.com,,,,,,,,,,,,,,,
Liberty Interactive Corporation,libertyinteractive.com,,,,,,,,,,,,,,,
Norfolk Southern Corporation,nscorp.com,,,,,,,,,,,,,,,
"Office Depot, Inc.",officedepot.com,,,,,,,,,,,,,,,
"Ameriprise Financial, Inc.",ameriprise.com,,,,,,,,,,,,,,,
"Gilead Sciences, Inc.",gilead.com,,,,,,,,,,,,,,,
Centene Corporation,centene.com,,,,,,,,,,,,,,,
Leucadia National Corporation,leucadia.com,,,,,,,,,,,,,,,
Huntsman Corporation,huntsman.com,,,,,,,,,,,,,,,
"Health Net, Inc.",healthnet.com,,,,,,,,,,,,,,,
"Stanley Black & Decker, Inc.",stanleyblackanddecker.com,,,,,,,,,,,,,,,
URS Corporation,urs.com,,,,,,,,,,,,,,,
Xcel Energy Inc.,xcelenergy.com,,,,,,,,,,,,,,,
Bed Bath & Beyond Inc.,bedbathandbeyond.com,,,,,,,,,,,,,,,
Navistar International Corporation,navistar.com,,,,,,,,,,,,,,,
Synnex Corporation,synnex.com,,,,,,,,,,,,,,,
First Data Corporation,firstdata.com,,,,,,,,,,,,,,,
AGCO Corporation,agcocorp.com,,,,,,,,,,,,,,,
"L Brands, Inc.",lb.com,,,,,,,,,,,,,,,
"Hertz Global Holdings, Inc.",hertz.com,,,,,,,,,,,,,,,
CDW Corporation,cdw.com,,,,,,,,,,,,,,,
"CST Brands, Inc.",cstbrands.com,,,,,,,,,,,,,,,
Sempra Energy,sempra.com,,,,,,,,,,,,,,,
R.R. Donnelley & Sons Company,rrdonnelley.com,,,,,,,,,,,,,,,
BB&T Corporation,bbt.com,,,,,,,,,,,,,,,
Devon Energy Corporation,devonenergy.com,,,,,,,,,,,,,,,
"Family Dollar Stores, Inc.",familydollar.com,,,,,,,,,,,,,,,
Unum Group,unum.com,,,,,,,,,,,,,,,
Ally Financial Inc.,ally.com,,,,,,,,,,,,,,,
"Reinsurance Group of America, Incorporated",rgare.com,,,,,,,,,,,,,,,
State Street Corporation,statestreet.com,,,,,,,,,,,,,,,
"Air Products & Chemicals, Inc.",airproducts.com,,,,,,,,,,,,,,,
"Ross Stores, Inc.",rossstores.com,,,,,,,,,,,,,,,
The Sherwin-Williams Company,sherwin.com,,,,,,,,,,,,,,,
The Est?ö£?îÉe Lauder Companies Inc.,elcompanies.com,,,,,,,,,,,,,,,
"BlackRock, Inc.",blackrock.com,,,,,,,,,,,,,,,
"Western Refining, Inc.",wnr.com,,,,,,,,,,,,,,,
"Avon Products, Inc.",avoncompany.com,,,,,,,,,,,,,,,
The Mosaic Company,mosaicco.com,,,,,,,,,,,,,,,
Public Service Enterprise Group Incorporated,pseg.com,,,,,,,,,,,,,,,
Dean Foods Company,deanfoods.com,,,,,,,,,,,,,,,
Cameron International Corporation,c-a-m.com,,,,,,,,,,,,,,,
MGM Resorts International,mgmresorts.com,,,,,,,,,,,,,,,
KKR & Co. L.P.,kkr.com,,,,,,,,,,,,,,,
Hilton Worldwide Holdings Inc.,hiltonworldwide.com,,,,,,,,,,,,,,,
DTE Energy Company,dteenergy.com,,,,,,,,,,,,,,,
"Genworth Financial, Inc.",genworth.com,,,,,,,,,,,,,,,
"Henry Schein, Inc.",henryschein.com,,,,,,,,,,,,,,,
Rock-Tenn Company,rocktenn.com,,,,,,,,,,,,,,,
"WellCare Health Plans, Inc.",wellcare.com,,,,,,,,,,,,,,,
"W.W. Grainger, Inc.",grainger.com,,,,,,,,,,,,,,,
Discover Financial Services,discoverfinancial.com,,,,,,,,,,,,,,,
Eastman Chemical Company,eastman.com,,,,,,,,,,,,,,,
"Principal Financial Group, Inc.",principal.com,,,,,,,,,,,,,,,
Reliance Steel & Aluminum Co.,rsac.com,,,,,,,,,,,,,,,
"AutoZone, Inc.",autozone.com,,,,,,,,,,,,,,,
Dover Corporation,dovercorporation.com,,,,,,,,,,,,,,,
"Micron Technology, Inc.",micron.com,,,,,,,,,,,,,,,
"Owens & Minor, Inc.",owens-minor.com,,,,,,,,,,,,,,,
"Assurant, Inc.",assurant.com,,,,,,,,,,,,,,,
GameStop Corp.,gamestopcorp.com,,,,,,,,,,,,,,,
Stryker Corporation,stryker.com,,,,,,,,,,,,,,,
"Group 1 Automotive, Inc.",group1auto.com,,,,,,,,,,,,,,,
Cognizant Technology Solutions Corporation,cognizant.com,,,,,,,,,,,,,,,
"Sonic Automotive, Inc.",sonicautomotive.com,,,,,,,,,,,,,,,
"Autoliv, Inc.",autoliv.com,,,,,,,,,,,,,,,
Hormel Foods Corporation,hormelfoods.com,,,,,,,,,,,,,,,
"Motorola Solutions, Inc.",motorolasolutions.com,,,,,,,,,,,,,,,
"Crown Holdings, Inc.",crowncork.com,,,,,,,,,,,,,,,
"SunTrust Banks, Inc.",suntrust.com,,,,,,,,,,,,,,,
Campbell Soup Company,campbellsoupcompany.com,,,,,,,,,,,,,,,
"Fidelity National Financial, Inc.",fnf.com,,,,,,,,,,,,,,,
"HD Supply Holdings, Inc.",hdsupply.com,,,,,,,,,,,,,,,
Caesars Entertainment Corporation,caesars.com,,,,,,,,,,,,,,,
"Darden Restaurants, Inc.",darden.com,,,,,,,,,,,,,,,
Weyerhaeuser Company,weyerhaeuser.com,,,,,,,,,,,,,,,
Ball Corporation,ball.com,,,,,,,,,,,,,,,
Precision Castparts Corp.,precast.com,,,,,,,,,,,,,,,
Masco Corporation,masco.com,,,,,,,,,,,,,,,
"Universal Health Services, Inc.",uhsinc.com,,,,,,,,,,,,,,,
"Republic Services, Inc.",republicservices.com,,,,,,,,,,,,,,,
MasterCard Incorporated,mastercard.com,,,,,,,,,,,,,,,
Newmont Mining Corporation,newmont.com,,,,,,,,,,,,,,,
Broadcom Corporation,broadcom.com,,,,,,,,,,,,,,,
Reynolds American Inc.,reynoldsamerican.com,,,,,,,,,,,,,,,
PVH Corp.,pvh.com,,,,,,,,,,,,,,,
"Charter Communications, Inc.",charter.com,,,,,,,,,,,,,,,
AECOM Technology Corporation,aecom.com,,,,,,,,,,,,,,,
"CenterPoint Energy, Inc.",centerpointenergy.com,,,,,,,,,,,,,,,
Pacific Life,pacificlife.com,,,,,,,,,,,,,,,
Thrivent Financial for Lutherans,thrivent.com,,,,,,,,,,,,,,,
"Becton, Dickinson and Company",bd.com,,,,,,,,,,,,,,,
"Franklin Resources, Inc.",franklinresources.com,,,,,,,,,,,,,,,
Tenneco Inc.,tenneco.com,,,,,,,,,,,,,,,
TravelCenters of America LLC,tatravelcenters.com,,,,,,,,,,,,,,,
"Avis Budget Group, Inc.",avisbudgetgroup.com,,,,,,,,,,,,,,,
"Facebook, Inc.",facebook.com,,,,,,,,,,,,,,,
"Dollar Tree, Inc.",dollartree.com,,,,,,,,,,,,,,,
Corning Incorporated,corning.com,,,,,,,,,,,,,,,
Ashland Inc.,ashland.com,,,,,,,,,,,,,,,
Sealed Air Corporation,sealedair.com,,,,,,,,,,,,,,,
"Core-Mark Holding Company, Inc.",core-mark.com,,,,,,,,,,,,,,,
Oshkosh Corporation,oshkoshcorporation.com,,,,,,,,,,,,,,,
"Coca-Cola Enterprises, Inc.",cokecce.com,,,,,,,,,,,,,,,
"WESCO International, Inc.",wesco.com,,,,,,,,,,,,,,,
"Applied Materials, Inc.",appliedmaterials.com,,,,,,,,,,,,,,,
Visteon Corporation,visteon.com,,,,,,,,,,,,,,,
BorgWarner Inc.,borgwarner.com,,,,,,,,,,,,,,,
"Spectrum Group International, Inc.",spectrumgi.com,,,,,,,,,,,,,,,
"Oaktree Capital Group, LLC",oaktreecapital.com,,,,,,,,,,,,,,,
"Steel Dynamics, Inc.",steeldynamics.com,,,,,,,,,,,,,,,
Jarden Corporation,jarden.com,,,,,,,,,,,,,,,
"Mohawk Industries, Inc.",mohawkind.com,,,,,,,,,,,,,,,
Terex Corporation,terex.com,,,,,,,,,,,,,,,
Northeast Utilities,nu.com,,,,,,,,,,,,,,,
"KBR, Inc.",kbr.com,,,,,,,,,,,,,,,
Fifth Third Bancorp,53.com,,,,,,,,,,,,,,,
UGI Corporation,ugicorp.com,,,,,,,,,,,,,,,
"CBRE Group, Inc.",cbre.com,,,,,,,,,,,,,,,
Quest Diagnostics Incorporated,questdiagnostics.com,,,,,,,,,,,,,,,
Peabody Energy Corporation,peabodyenergy.com,,,,,,,,,,,,,,,
The Hershey Company,thehersheycompany.com,,,,,,,,,,,,,,,
Boston Scientific Corporation,bostonscientific.com,,,,,,,,,,,,,,,
"FMC Technologies, Inc.",fmctechnologies.com,,,,,,,,,,,,,,,
"The Interpublic Group of Companies, Inc.",interpublic.com,,,,,,,,,,,,,,,
Commercial Metals Company,cmc.com,,,,,,,,,,,,,,,
"The Pantry, Inc.",thepantry.com,,,,,,,,,,,,,,,
"Owens-Illinois, Inc.",o-i.com,,,,,,,,,,,,,,,
American Family Ins. Group,amfam.com,,,,,,,,,,,,,,,
Ralph Lauren Corporation,ralphlauren.com,,,,,,,,,,,,,,,
Biogen Idec Inc.,biogenidec.com,,,,,,,,,,,,,,,
"PetSmart, Inc.",petm.com,,,,,,,,,,,,,,,
Mylan Inc.,mylan.com,,,,,,,,,,,,,,,
Symantec Corporation,symantec.com,,,,,,,,,,,,,,,
Ameren Corporation,ameren.com,,,,,,,,,,,,,,,
"The Williams Companies, Inc.",williams.com,,,,,,,,,,,,,,,
"Barnes & Noble, Inc.",barnesandnobleinc.com,,,,,,,,,,,,,,,
"Huntington Ingalls Industries, Inc.",huntingtoningalls.com,,,,,,,,,,,,,,,
The Priceline Group Inc.,pricelinegroup.com,,,,,,,,,,,,,,,
"Agilent Technologies, Inc.",agilent.com,,,,,,,,,,,,,,,
Dana Holding Corporation,dana.com,,,,,,,,,,,,,,,
"Dillard's, Inc.",dillards.com,,,,,,,,,,,,,,,
Seaboard Corporation,seaboardcorp.com,,,,,,,,,,,,,,,
"Vanguard Health Systems, Inc.",tenethealth.com,,,,,,,,,,,,,,,
"Casey's General Stores, Inc.",caseys.com,,,,,,,,,,,,,,,
"O'Reilly Automotive, Inc.",oreillyauto.com,,,,,,,,,,,,,,,
The Blackstone Group L.P.,blackstone.com,,,,,,,,,,,,,,,
Mutual of Omaha Insurance Company,mutualofomaha.com,,,,,,,,,,,,,,,
"Molina Healthcare, Inc.",molinahealthcare.com,,,,,,,,,,,,,,,
CMS Energy Corporation,cmsenergy.com,,,,,,,,,,,,,,,
Targa Resources Corp.,targaresources.com,,,,,,,,,,,,,,,
"Quanta Services, Inc.",quantaservices.com,,,,,,,,,,,,,,,
Cablevision Systems Corporation,cablevision.com,,,,,,,,,,,,,,,
Avery Dennison Corporation,averydennison.com,,,,,,,,,,,,,,,
Celanese Corporation,celanese.com,,,,,,,,,,,,,,,
"Foot Locker, Inc.",footlocker-inc.com,,,,,,,,,,,,,,,
Celgene Corporation,celgene.com,,,,,,,,,,,,,,,
"Advance Auto Parts, Inc.",advanceautoparts.com,,,,,,,,,,,,,,,
"Mattel, Inc.",mattel.com,,,,,,,,,,,,,,,
"Live Nation Entertainment, Inc.",livenation.com,,,,,,,,,,,,,,,
General Cable Corporation,generalcable.com,,,,,,,,,,,,,,,
"Ryder System, Inc.",ryder.com,,,,,,,,,,,,,,,
"EMCOR Group, Inc.",emcorgroup.com,,,,,,,,,,,,,,,
"Allergan, Inc.",allergan.com,,,,,,,,,,,,,,,
W.R. Berkley Corporation,wrberkley.com,,,,,,,,,,,,,,,
"Rockwell Automation, Inc.",rockwellautomation.com,,,,,,,,,,,,,,,
"NetApp, Inc.",netapp.com,,,,,,,,,,,,,,,
Ingredion Incorporated,ingredion.com,,,,,,,,,,,,,,,
"Level 3 Communications, Inc.",level3.com,,,,,,,,,,,,,,,
Calpine Corporation,calpine.com,,,,,,,,,,,,,,,
"Omnicare, Inc.",omnicare.com,,,,,,,,,,,,,,,
Erie Insurance Group,erieinsurance.com,,,,,,,,,,,,,,,
SLM Corporation,salliemae.com,,,,,,,,,,,,,,,
"D.R. Horton, Inc.",drhorton.com,,,,,,,,,,,,,,,
"CC Media Holdings, Inc.",clearchannel.com,,,,,,,,,,,,,,,
Anixter International Inc.,anixter.com,,,,,,,,,,,,,,,
"Dick's Sporting Goods, Inc.",dickssportinggoods.com,,,,,,,,,,,,,,,
SanDisk Corporation,sandisk.com,,,,,,,,,,,,,,,
NCR Corporation,ncr.com,,,,,,,,,,,,,,,
"Starwood Hotels & Resorts Worldwide, Inc.",starwoodhotels.com,,,,,,,,,,,,,,,
"Expeditors International of Washington, Inc.",expeditors.com,,,,,,,,,,,,,,,
"Fidelity National Information Services, Inc.",fisglobal.com,,,,,,,,,,,,,,,
"United Natural Foods, Inc.",unfi.com,,,,,,,,,,,,,,,
Auto-Owners Insurance Group,auto-owners.com,,,,,,,,,,,,,,,
"Windstream Holdings, Inc.",windstream.com,,,,,,,,,,,,,,,
"Dr Pepper Snapple Group, Inc.",drpeppersnapplegroup.com,,,,,,,,,,,,,,,
Lennar Corporation,lennar.com,,,,,,,,,,,,,,,
Sanmina,sanmina.com,,,,,,,,,,,,,,,
"Harley-Davidson, Inc.",harley-davidson.com,,,,,,,,,,,,,,,
CONSOL Energy Inc.,consolenergy.com,,,,,,,,,,,,,,,
The J.M. Smucker Company,smucker.com,,,,,,,,,,,,,,,
Newell Rubbermaid Inc.,newellrubbermaid.com,,,,,,,,,,,,,,,
"CH2M HILL Companies, Ltd.",ch2m.com,,,,,,,,,,,,,,,
Energy Future Holdings Corp.,energyfutureholdings.com,,,,,,,,,,,,,,,
Susser Holdings Corporation,susser.com,,,,,,,,,,,,,,,
Laboratory Corporation of America Holdings,labcorp.com,,,,,,,,,,,,,,,
"Kindred Healthcare, Inc.",kindredhealthcare.com,,,,,,,,,,,,,,,
Leidos Holdings Inc.,leidos.com,,,,,,,,,,,,,,,
Booz Allen Hamilton Holding Corp.,boozallen.com,,,,,,,,,,,,,,,
"The Jones Financial Companies,L.L.L.P.",edwardjones.com,,,,,,,,,,,,,,,
Cliffs Natural Resources Inc.,cliffsnaturalresources.com,,,,,,,,,,,,,,,
"PulteGroup, Inc.",pultegroupinc.com,,,,,,,,,,,,,,,
Regions Financial Corporation,regions.com,,,,,,,,,,,,,,,
NiSource Inc.,nisource.com,,,,,,,,,,,,,,,
"Graybar Electric Company, Inc.",graybar.com,,,,,,,,,,,,,,,
"Integrys Energy Group, Inc.",integrysgroup.com,,,,,,,,,,,,,,,
The Clorox Company,thecloroxcompany.com,,,,,,,,,,,,,,,
"Wynn Resorts, Limited",wynnresorts.com,,,,,,,,,,,,,,,
"The Andersons, Inc.",andersonsinc.com,,,,,,,,,,,,,,,
"J.B. Hunt Transport Services, Inc.",jbhunt.com,,,,,,,,,,,,,,,
AK Steel Holding Corporation,aksteel.com,,,,,,,,,,,,,,,
Harbinger Group Inc.,harbingergroupinc.com,,,,,,,,,,,,,,,
MeadWestvaco Corporation,mwv.com,,,,,,,,,,,,,,,
The Western Union Company,westernunion.com,,,,,,,,,,,,,,,
The Charles Schwab Corporation,aboutschwab.com,,,,,,,,,,,,,,,
"Discovery Communications, Inc.",discoverycommunications.com,,,,,,,,,,,,,,,
Spectra Energy Corp,spectraenergy.com,,,,,,,,,,,,,,,
"St. Jude Medical, Inc.",sjm.com,,,,,,,,,,,,,,,
"CF Industries Holdings, Inc.",cfindustries.com,,,,,,,,,,,,,,,
Con-way Inc.,con-way.com,,,,,,,,,,,,,,,
Old Republic International Corporation,oldrepublic.com,,,,,,,,,,,,,,,
JetBlue Airways Corporation,jetblue.com,,,,,,,,,,,,,,,
"Calumet Specialty Products Partners, L.P.",calumetspecialty.com,,,,,,,,,,,,,,,
"Kelly Services, Inc.",kellyservices.com,,,,,,,,,,,,,,,
Domtar Corporation,domtar.com,,,,,,,,,,,,,,,
Murphy Oil Corporation,murphyoilcorp.com,,,,,,,,,,,,,,,
Harris Corporation,harris.com,,,,,,,,,,,,,,,
"Asbury Automotive Group, Inc.",asburyauto.com,,,,,,,,,,,,,,,
"Big Lots, Inc.",biglots.com,,,,,,,,,,,,,,,
"Advanced Micro Devices, Inc.",amd.com,,,,,,,,,,,,,,,
Owens Corning,owenscorning.com,,,,,,,,,,,,,,,
Realogy Holdings Corp.,realogy.com,,,,,,,,,,,,,,,
"Host Hotels & Resorts, Inc.",hosthotels.com,,,,,,,,,,,,,,,
MRC Global Inc.,mrcglobal.com,,,,,,,,,,,,,,,
"Simon Property Group, Inc.",simon.com,,,,,,,,,,,,,,,
Tractor Supply Company,tractorsupply.com,,,,,,,,,,,,,,,
"Gannett Co., Inc.",gannett.com,,,,,,,,,,,,,,,
"Alaska Air Group, Inc.",alaskaair.com,,,,,,,,,,,,,,,
"Insight Enterprises, Inc.",insight.com,,,,,,,,,,,,,,,
"McGraw Hill Financial, Inc.",mhfi.com,,,,,,,,,,,,,,,
"Buckeye Partners, L.P.",buckeye.com,,,,,,,,,,,,,,,
Quintiles Transnational Holdings Inc.,quintiles.com,,,,,,,,,,,,,,,
"American Financial Group, Inc.",afginc.com,,,,,,,,,,,,,,,
United Stationers Inc.,unitedstationers.com,,,,,,,,,,,,,,,
"Coach, Inc.",coach.com,,,,,,,,,,,,,,,
LKQ Corporation,lkqcorp.com,,,,,,,,,,,,,,,
"Noble Energy, Inc.",nobleenergyinc.com,,,,,,,,,,,,,,,
"Bemis Company, Inc.",bemis.com,,,,,,,,,,,,,,,
Joy Global Inc.,joyglobal.com,,,,,,,,,,,,,,,
Wyndham Worldwide Corporation,wyndhamworldwide.com,,,,,,,,,,,,,,,
"NII Holdings, Inc.",nii.com,,,,,,,,,,,,,,,
"Lorillard, Inc.",lorillard.com,,,,,,,,,,,,,,,
Alleghany Corporation,alleghany.com,,,,,,,,,,,,,,,
"Airgas, Inc.",airgas.com,,,,,,,,,,,,,,,
First American Financial Corporation,firstam.com,,,,,,,,,,,,,,,
"United Rentals, Inc.",ur.com,,,,,,,,,,,,,,,