Company,Website,Video,Logo,Major Hex,Minor Hex,First #1,Last #1,Email #1,First #2,Last #2,Email #2,First #3,Last #3,Email #3,"TEMPLATE
",Landing Page URL,,,,,
Wal-Mart Stores,corporate.walmart.com,https://www.youtube.com/watch?v=8KZ8m4cpnyk,http://upload.wikimedia.org/wikipedia/commons/thumb/7/76/New_Walmart_Logo.svg/1280px-New_Walmart_Logo.svg.png,#1A75CF,#FDBB30,,,,,,,,,,137995,http://forgescan.github.io/web/Wal-Mart%20Stores/Wal-Mart%20Stores.html,,,,,
Exxon Mobil,exxonmobil.com,https://www.youtube.com/watch?v=xL0g6JMjt8s,http://upload.wikimedia.org/wikipedia/commons/thumb/1/18/Exxon_Mobil_Logo.svg/2000px-Exxon_Mobil_Logo.svg.png,#C5271B,#F2F2F2,,,,,,,,,,137995,http://forgescan.github.io/web/Exxon%20Mobil/Exxon%20Mobil.html,,,,,http://forgescan.github.io/web/#FDBB30/#FDBB30.html
Chevron,chevron.com,https://www.youtube.com/watch?v=4maj5SwANYo,http://logonoid.com/images/chevron-logo.png,#00ABEB,#E11736,,,,,,,,,,137995,http://forgescan.github.io/web/Chevron/Chevron.html,,,,,
Berkshire Hathaway,berkshirehathaway.com,https://www.youtube.com/watch?v=XT-lVzPVU38,http://upload.wikimedia.org/wikipedia/commons/thumb/2/23/Berkshire_Hathaway.svg/1000px-Berkshire_Hathaway.svg.png,#2E3192,#FFFFFF,,,,,,,,,,137995,http://forgescan.github.io/web/Berkshire%20Hathaway/Berkshire%20Hathaway.html,,,,,
Apple,apple.com,https://www.youtube.com/watch?v=y1nqy2CPbQU,http://i.imgur.com/hbh7Q.png,#000000,#FFFFFF,,,,,,,,,,137995,http://forgescan.github.io/web/Apple/Apple.html,,,,,
Phillips 66,phillips66.com,https://www.youtube.com/watch?v=PF-lhNolKGw,http://upload.wikimedia.org/wikipedia/commons/thumb/4/4c/Phillips66-Logo.svg/2000px-Phillips66-Logo.svg.png,#CD2729,#000000,,,,,,,,,,137995,http://forgescan.github.io/web/Phillips%2066/Phillips%2066.html,,,,,
General Motors,gm.com,https://www.youtube.com/watch?v=RvcTD3C9lRM,http://car-logos.org/wp-content/uploads/2011/09/gm.png,#1C458E,#FFFFFF,,,,,,,,,,137995,http://forgescan.github.io/web/General%20Motors/General%20Motors.html,,,,,
Ford Motor,ford.com,https://www.youtube.com/watch?v=7Z56deqZ0lU,http://upload.wikimedia.org/wikipedia/commons/thumb/a/a0/Ford_Motor_Company_Logo.svg/2000px-Ford_Motor_Company_Logo.svg.png,#011D4C,#FFFFFF,,,,,,,,,,137995,http://forgescan.github.io/web/Ford%20Motor/Ford%20Motor.html,,,,,
General Electric,ge.com,https://www.youtube.com/watch?v=ULvnRCh7PZI,http://upload.wikimedia.org/wikipedia/commons/thumb/f/ff/General_Electric_logo.svg/1024px-General_Electric_logo.svg.png,#3A73B8,#FEFFFE,,,,,,,,,,137995,http://forgescan.github.io/web/General%20Electric/General%20Electric.html,,,,,
Valero Energy,valero.com,https://www.youtube.com/watch?v=cl-C-0RglA8,http://logonoid.com/images/valero-logo.png,#006B88,#FBB826,,,,,,,,,,137995,http://forgescan.github.io/web/Valero%20Energy/Valero%20Energy.html,,,,,
AT&T,att.com,,,,,,,,,,,,,,137995,http://forgescan.github.io/web/AT&T/AT&T.html,,,,,
CVS Caremark,cvscaremark.com,,,,,,,,,,,,,,137995,http://forgescan.github.io/web/CVS%20Caremark/CVS%20Caremark.html,,,,,
Fannie Mae,fanniemae.com,,,,,,,,,,,,,,137995,http://forgescan.github.io/web/Fannie%20Mae/Fannie%20Mae.html,,,,,
UnitedHealth Group,unitedhealthgroup.com,,http://unitedhealthgroup.com/UHG/images/logo.gif,,,,,,,,,,,,137995,http://forgescan.github.io/web/UnitedHealth%20Group/UnitedHealth%20Group.html,,,,,
McKesson,mckesson.com,,http://mckesson.com/uploadedimages/logo.png,,,,,,,,,,,,137995,http://forgescan.github.io/web/McKesson/McKesson.html,,,,,
Verizon Communications,verizon.com,,http://verizon.com/cs/groups/public/documents/adacct/hbo_logo_sm.png,,,,,,,,,,,,137995,http://forgescan.github.io/web/Verizon%20Communications/Verizon%20Communications.html,,,,,
Hewlett-Packard,hp.com,,http://welcome.hp-ww.com/country/us/en/cs/images/i/header-footer/caas-hf-v3/hp-logo.gif,,,,,,,,,,,,137995,http://forgescan.github.io/web/Hewlett-Packard/Hewlett-Packard.html,,,,,
J.P. Morgan Chase & Co.,jpmorganchase.com,,http://jpmorganchase.com/content/dam/jpmorganchase/en/legacy/corporate/includes/images/jpmc_logo.png,,,,,,,,,,,,,http://forgescan.github.io/web/J.P.%20Morgan%20Chase%20&%20Co./J.P.%20Morgan%20Chase%20&%20Co..html,,,,,
Costco Wholesale,costco.com,,None,,,,,,,,,,,,,http://forgescan.github.io/web/Costco%20Wholesale/Costco%20Wholesale.html,,,,,
Express Scripts Holding,express-scripts.com,,None,,,,,,,,,,,,,http://forgescan.github.io/web/Express%20Scripts%20Holding/Express%20Scripts%20Holding.html,,,,,
Bank of America,bankofamerica.com,,http://bankofamerica.com/content/images/ContextualSiteGraphics/Logos/en_US/boa_logo.gif,,,,,,,,,,,,,http://forgescan.github.io/web/Bank%20of%20America/Bank%20of%20America.html,,,,,
Cardinal Health,cardinal.com,,http://cardinal.com/mps/CacheProxyServlet/colorPalette/default/browserVendor/unknown/browserName/Default+HTML+Client/browserVersion/unknown/locale/en/forwardurl/mps/themes/html/Cardinal/images/common/logo.png,,,,,,,,,,,,,http://forgescan.github.io/web/Cardinal%20Health/Cardinal%20Health.html,,,,,
International Business Machines,ibm.com,,http://www.ibm.com/images/portal/H878951C10974G18/tri_logo_black_angle_1.jpg,,,,,,,,,,,,,http://forgescan.github.io/web/International%20Business%20Machines/International%20Business%20Machines.html,,,,,
Kroger,thekrogerco.com,,http://thekrogerco.com/Sitefinity/WebsiteTemplates/KrogerCorporate/App_Themes/KrogerCorporate/Images/logo_kroger.gif,,,,,,,,,,,,,http://forgescan.github.io/web/Kroger/Kroger.html,,,,,
Marathon Petroleum,marathonpetroleum.com,,http://marathonpetroleum.com/images/MPClogo.png,,,,,,,,,,,,,http://forgescan.github.io/web/Marathon%20Petroleum/Marathon%20Petroleum.html,,,,,
Citigroup,citigroup.com,,None,,,,,,,,,,,,,http://forgescan.github.io/web/Citigroup/Citigroup.html,,,,,
Archer Daniels Midland,adm.com,,http://adm.com/_layouts/ADMworld/images/ADMlogo2.jpg,,,,,,,,,,,,,http://forgescan.github.io/web/Archer%20Daniels%20Midland/Archer%20Daniels%20Midland.html,,,,,
AmerisourceBergen,amerisourcebergen.com,,None,,,,,,,,,,,,,http://forgescan.github.io/web/AmerisourceBergen/AmerisourceBergen.html,,,,,
Wells Fargo,wellsfargo.com,,https://www01.wellsfargomedia.com/assets/images/global/wf-logo.gif,,,,,,,,,,,,,http://forgescan.github.io/web/Wells%20Fargo/Wells%20Fargo.html,,,,,
Boeing,boeing.com,,None,,,,,,,,,,,,,http://forgescan.github.io/web/Boeing/Boeing.html,,,,,
Procter & Gamble,pg.com,,None,,,,,,,,,,,,,http://forgescan.github.io/web/Procter%20&%20Gamble/Procter%20&%20Gamble.html,,,,,
Freddie Mac,freddiemac.com,,http://freddiemac.com/images/site/logo-with-transparency.png,,,,,,,,,,,,,http://forgescan.github.io/web/Freddie%20Mac/Freddie%20Mac.html,,,,,
Home Depot,homedepot.com,,,,,,,,,,,,,,,http://forgescan.github.io/web/Home%20Depot/Home%20Depot.html,,,,,
Microsoft,microsoft.com,,http://g-ec2.images-amazon.com/images/G/01/social/api-share/amazon_logo_500500._V323939215_.png,,,,,,,,,,,,,http://forgescan.github.io/web/Microsoft/Microsoft.html,,,,,
Amazon.com,amazon.com,,None,,,,,,,,,,,,,http://forgescan.github.io/web/Amazon.com/Amazon.com.html,,,,,
Target,target.com,,http://walgreens.com/images/adaptive/share/images/logos/walgreens-logo-desktop.png,,,,,,,,,,,,,http://forgescan.github.io/web/Target/Target.html,,,,,
Walgreen Co.,walgreens.com,,./prodcontrib/fragments/wp-global-css/images/wp_logo.gif,,,,,,,,,,,,,http://forgescan.github.io/web/Walgreen%20Co./Walgreen%20Co..html,,,,,
WellPoint,wellpoint.com,,,,,,,,,,,,,,,http://forgescan.github.io/web/WellPoint/WellPoint.html,,,,,
Johnson & Johnson,jnj.com,,<img src='/Chartis/internet/US/en/logo-tile_tcm3171-439448.gif' title=,,,,,,,,,,,,,http://forgescan.github.io/web/Johnson%20&%20Johnson/Johnson%20&%20Johnson.html,,,,,
American International Group,aig.com,,None,,,,,,,,,,,,,http://forgescan.github.io/web/American%20International%20Group/American%20International%20Group.html,,,,,
State Farm Insurance Cos.,statefarm.com,,http://metlife.com/system/css/logo.gif,,,,,,,,,,,,,http://forgescan.github.io/web/State%20Farm%20Insurance%20Cos./State%20Farm%20Insurance%20Cos..html,,,,,
MetLife,metlife.com,,http://pepsico.com/image/logo.png,,,,,,,,,,,,,http://forgescan.github.io/web/MetLife/MetLife.html,,,,,
PepsiCo,pepsico.com,,None,,,,,,,,,,,,,http://forgescan.github.io/web/PepsiCo/PepsiCo.html,,,,,
Comcast,comcastcorporation.com,,http://cdn.www.utc.com/Style Library/utc/images/desktop/utc-logo-print.png?v=179,,,,,,,,,,,,,http://forgescan.github.io/web/Comcast/Comcast.html,,,,,
United Technologies,utc.com,,"},function(){google.nav&&google.nav.gjh&&google.nav.gjh()})};window._gjh&&_gjh();</script><style>#gbar,#guser{font-size:13px;padding-top:1px !important;}#gbar{height:22px}#guser{padding-bottom:7px !important;text-align:right}.gbh,.gbd{border-top:1px solid #c9d7f1;font-size:1px}.gbh{height:0;position:absolute;top:24px;width:100%}@media all{.gb1{height:22px;margin-right:.5em;vertical-align:top}#gbar{float:left}}a.gb1,a.gb4{text-decoration:underline !important}a.gb1,a.gb4{color:#00c !important}.gbi .gb4{color:#dd8e27 !important}.gbf .gb4{color:#900 !important}</style><style>body,td,a,p,.h{font-family:arial,sans-serif}body{margin:0;overflow-y:scroll}#gog{padding:3px 8px 0}td{line-height:.8em}.gac_m td{line-height:17px}form{margin-bottom:20px}.h{color:#36c}.q{color:#00c}.ts td{padding:0}.ts{border-collapse:collapse}em{font-weight:bold;font-style:normal}.lst{height:25px;width:496px}.gsfi,.lst{font:18px arial,sans-serif}.gsfs{font:17px arial,sans-serif}.ds{display:inline-box;display:inline-block;margin:3px 0 4px;marhttp://conocophillips.com/_layouts/COP/Resources/img/cop-logo.png",,,,,,,,,,,,,http://forgescan.github.io/web/United%20Technologies/United%20Technologies.html,,,,,
Google,google.com,,None,,,,,,,,,,,,,http://forgescan.github.io/web/Google/Google.html,,,,,
ConocoPhillips,conocophillips.com,,None,,,,,,,,,,,,,http://forgescan.github.io/web/ConocoPhillips/ConocoPhillips.html,,,,,
Dow Chemical,dow.com,,http://ups.com/img/ups_logo.gif,,,,,,,,,,,,,http://forgescan.github.io/web/Dow%20Chemical/Dow%20Chemical.html,,,,,
Caterpillar,caterpillar.com,,None,,,,,,,,,,,,,http://forgescan.github.io/web/Caterpillar/Caterpillar.html,,,,,
United Parcel Service,ups.com,,http://lowes.com/images/logo.png,,,,,,,,,,,,,http://forgescan.github.io/web/United%20Parcel%20Service/United%20Parcel%20Service.html,,,,,
Pfizer,pfizer.com,,None,,,,,,,,,,,,,http://forgescan.github.io/web/Pfizer/Pfizer.html,,,,,
Lowe's Companies,lowes.com,,None,,,,,,,,,,,,,http://forgescan.github.io/web/Lowe's%20Companies/Lowe's%20Companies.html,,,,,
Intel Corporation,intel.com,,None,,,,,,,,,,,,,http://forgescan.github.io/web/Intel%20Corporation/Intel%20Corporation.html,,,,,
"Energy Transfer Equity, L.P.",energytransfer.com,,None,,,,,,,,,,,,,"http://forgescan.github.io/web/Energy%20Transfer%20Equity,%20L.P./Energy%20Transfer%20Equity,%20L.P..html",,,,,
"Cisco Systems, Inc.",cisco.com,,http://aetna.com/common/images/designs/logo.png,,,,,,,,,,,,,"http://forgescan.github.io/web/Cisco%20Systems,%20Inc./Cisco%20Systems,%20Inc..html",,,,,
Enterprise Products Partners L.P.,enterpriseproducts.com,,None,,,,,,,,,,,,,http://forgescan.github.io/web/Enterprise%20Products%20Partners%20L.P./Enterprise%20Products%20Partners%20L.P..html,,,,,
Aetna Inc.,aetna.com,,http://lockheedmartin.com/etc/designs/lockheedmartin/clientlibs_newUS/us/refresh/LM-logo.png,,,,,,,,,,,,,http://forgescan.github.io/web/Aetna%20Inc./Aetna%20Inc..html,,,,,
The Coca-Cola Company,coca-colacompany.com,,None,,,,,,,,,,,,,http://forgescan.github.io/web/The%20Coca-Cola%20Company/The%20Coca-Cola%20Company.html,,,,,
Lockheed Martin Corporation,lockheedmartin.com,,"      #nav-logo, #nav-local li a, aside.gpt.pushdown, #chrome-controls{ color: #fff; }",,,,,,,,,,,,,http://forgescan.github.io/web/Lockheed%20Martin%20Corporation/Lockheed%20Martin%20Corporation.html,,,,,
"Best Buy Co., Inc.",bestbuy.com,,http://chsinc.com/~/media/chs%20inc/images/global/chs-logo.ashx,,,,,,,,,,,,,"http://forgescan.github.io/web/Best%20Buy%20Co.,%20Inc./Best%20Buy%20Co.,%20Inc..html",,,,,
The Walt Disney Company,disney.com,,http://sysco.com/structural-images/logo.png,,,,,,,,,,,,,http://forgescan.github.io/web/The%20Walt%20Disney%20Company/The%20Walt%20Disney%20Company.html,,,,,
CHS Inc.,chsinc.com,,,,,,,,,,,,,,,http://forgescan.github.io/web/CHS%20Inc./CHS%20Inc..html,,,,,
Sysco Corporation,sysco.com,,None,,,,,,,,,,,,,http://forgescan.github.io/web/Sysco%20Corporation/Sysco%20Corporation.html,,,,,
FedEx Corporation,fedex.com,,http://intlfcstone.com/Content/Images/logo.png,,,,,,,,,,,,,http://forgescan.github.io/web/FedEx%20Corporation/FedEx%20Corporation.html,,,,,
"Merck & Co., Inc.",merck.com,,                    var varAuthLogout       = 'https://www.Safeway.com/iaaw/service/logout?goto=http://www.Safeway.com';,,,,,,,,,,,,,"http://forgescan.github.io/web/Merck%20&%20Co.,%20Inc./Merck%20&%20Co.,%20Inc..html",,,,,
INTL FCStone Inc.,intlfcstone.com,,None,,,,,,,,,,,,,http://forgescan.github.io/web/INTL%20FCStone%20Inc./INTL%20FCStone%20Inc..html,,,,,
Safeway Inc.,safeway.com,,None,,,,,,,,,,,,,http://forgescan.github.io/web/Safeway%20Inc./Safeway%20Inc..html,,,,,
"Johnson Controls, Inc.",johnsoncontrols.com,,None,,,,,,,,,,,,,"http://forgescan.github.io/web/Johnson%20Controls,%20Inc./Johnson%20Controls,%20Inc..html",,,,,
Ingram Micro Inc.,ingrammicro.com,,https://www.wfscorp.com/sites/default/files/logo_0.png,,,,,,,,,,,,,http://forgescan.github.io/web/Ingram%20Micro%20Inc./Ingram%20Micro%20Inc..html,,,,,
"Plains GP Holdings, L.P.",plainsallamerican.com,,None,,,,,,,,,,,,,"http://forgescan.github.io/web/Plains%20GP%20Holdings,%20L.P./Plains%20GP%20Holdings,%20L.P..html",,,,,
World Fuel Services Corporation,wfscorp.com,,None,,,,,,,,,,,,,http://forgescan.github.io/web/World%20Fuel%20Services%20Corporation/World%20Fuel%20Services%20Corporation.html,,,,,
"Prudential Financial, Inc.",prudential.com,,None,,,,,,,,,,,,,"http://forgescan.github.io/web/Prudential%20Financial,%20Inc./Prudential%20Financial,%20Inc..html",,,,,
Humana Inc.,humana.com,,https://tsocorpsite.files.wordpress.com/2014/08/tsologo.jpg?w=111,,,,,,,,,,,,,http://forgescan.github.io/web/Humana%20Inc./Humana%20Inc..html,,,,,
"The Goldman Sachs Group, Inc.",gs.com,,http://public.libertymutual.com/insurance-auto-home-life/logos/liberty-mutual-insurance-facebook.gif,,,,,,,,,,,,,"http://forgescan.github.io/web/The%20Goldman%20Sachs%20Group,%20Inc./The%20Goldman%20Sachs%20Group,%20Inc..html",,,,,
Tesoro Corporation,tsocorp.com,,http://honeywell.com/PublishingImages/Hon_home_banner/honeywell_logo.png,,,,,,,,,,,,,http://forgescan.github.io/web/Tesoro%20Corporation/Tesoro%20Corporation.html,,,,,
Liberty Mutual Holding Company Inc.,libertymutual.com,,None,,,,,,,,,,,,,http://forgescan.github.io/web/Liberty%20Mutual%20Holding%20Company%20Inc./Liberty%20Mutual%20Holding%20Company%20Inc..html,,,,,
Honeywell International Inc.,honeywell.com,,None,,,,,,,,,,,,,http://forgescan.github.io/web/Honeywell%20International%20Inc./Honeywell%20International%20Inc..html,,,,,
"United Continental Holdings, Inc.",unitedcontinentalholdings.com,,http://deere.com/common/deere-resources/img/logo-john-deere.gif,,,,,,,,,,,,,"http://forgescan.github.io/web/United%20Continental%20Holdings,%20Inc./United%20Continental%20Holdings,%20Inc..html",,,,,
"HCA Holdings, Inc.",hcahealthcare.com,,None,,,,,,,,,,,,,"http://forgescan.github.io/web/HCA%20Holdings,%20Inc./HCA%20Holdings,%20Inc..html",,,,,
Deere & Company,deere.com,,None,,,,,,,,,,,,,http://forgescan.github.io/web/Deere%20&%20Company/Deere%20&%20Company.html,,,,,
"Delta Air Lines, Inc.",delta.com,,None,,,,,,,,,,,,,"http://forgescan.github.io/web/Delta%20Air%20Lines,%20Inc./Delta%20Air%20Lines,%20Inc..html",,,,,
Oracle Corporation,oracle.com,,http://hess.com/Sitefinity/WebsiteTemplates/HessBootstrap/App_Themes/HessBootstrap/Images/logo_Hess.gif,,,,,,,,,,,,,http://forgescan.github.io/web/Oracle%20Corporation/Oracle%20Corporation.html,,,,,
Morgan Stanley,morganstanley.com,,None,,,,,,,,,,,,,http://forgescan.github.io/web/Morgan%20Stanley/Morgan%20Stanley.html,,,,,
Hess Corporation,hess.com,,None,,,,,,,,,,,,,http://forgescan.github.io/web/Hess%20Corporation/Hess%20Corporation.html,,,,,
"Twenty-First Century Fox, Inc.",21cf.com,,None,,,,,,,,,,,,,"http://forgescan.github.io/web/Twenty-First%20Century%20Fox,%20Inc./Twenty-First%20Century%20Fox,%20Inc..html",,,,,
E.I. du Pont de Nemours and Company,dupont.com,,http://newyorklife.com/nyl-internet/img/logo.png,,,,,,,,,,,,,http://forgescan.github.io/web/E.I.%20du%20Pont%20de%20Nemours%20and%20Company/E.I.%20du%20Pont%20de%20Nemours%20and%20Company.html,,,,,
Sears Holdings Corporation,searsholdings.com,,None,,,,,,,,,,,,,http://forgescan.github.io/web/Sears%20Holdings%20Corporation/Sears%20Holdings%20Corporation.html,,,,,
New York Life Insurance Company,newyorklife.com,,https://www.aexp-static.com/nav/ngn/img/logo_bluebox.gif,,,,,,,,,,,,,http://forgescan.github.io/web/New%20York%20Life%20Insurance%20Company/New%20York%20Life%20Insurance%20Company.html,,,,,
"Mondelez International, Inc.",mondelezinternational.com,,http://static.nationwide.com/static/icon-fs-logo-nationwideblue.gif?r=47,,,,,,,,,,,,,"http://forgescan.github.io/web/Mondelez%20International,%20Inc./Mondelez%20International,%20Inc..html",,,,,
American Express Company,americanexpress.com,,><img src='/resources/Allstate/images/financial/global/allstate-logo-header-170x45.png' alt='Allstate Insurance Company Logo' name='&amp;lpos=IconTopNavigation'></a>None,,,,,,,,,,,,,http://forgescan.github.io/web/American%20Express%20Company/American%20Express%20Company.html,,,,,
Nationwide Mutual Insurance Co.,nationwide.com,,http://supervalu.com/etc/designs/supervalu/_jcr_content/en_pageheader/logo.img.png/1378414930526.png,,,,,,,,,,,,,http://forgescan.github.io/web/Nationwide%20Mutual%20Insurance%20Co./Nationwide%20Mutual%20Insurance%20Co..html,,,,,
The Allstate Corporation,allstate.com,,><a class='' href='https://publictools.tiaa-cref.org/private/selfservices/sso/logout.do'>Log Out</a></li>,,,,,,,,,,,,,http://forgescan.github.io/web/The%20Allstate%20Corporation/The%20Allstate%20Corporation.html,,,,,
"Tyson Foods, Inc.",tysonfoods.com,,                background-image: url(/~/media/upload/logo-massmutual-large.png?w=180);http://cigna.com/assets/media/images/logo/favicon.ico,,,,,,,,,,,,,"http://forgescan.github.io/web/Tyson%20Foods,%20Inc./Tyson%20Foods,%20Inc..html",,,,,
Supervalu Inc.,supervalu.com,,http://directv.com/DTVAPP/login/component/logoutTimeout.jsp?logoutNextUrl=%2FDTVAPP%2Fpepod%2Fconfigure.jsp&amp;getDirectv=true&amp;clear=true,,,,,,,,,,,,,http://forgescan.github.io/web/Supervalu%20Inc./Supervalu%20Inc..html,,,,,
TIAA-CREF,tiaa-cref.org,,http://generaldynamics.com/images/template/universal/logo_General_Dynamics.png,,,,,,,,,,,,,http://forgescan.github.io/web/TIAA-CREF/TIAA-CREF.html,,,,,
Massachusetts Mutual Life Insurance Company,massmutual.com,,http://pmi.com/_layouts/PMI/GCW/Images/pmi-logo.gif,,,,,,,,,,,,,http://forgescan.github.io/web/Massachusetts%20Mutual%20Life%20Insurance%20Company/Massachusetts%20Mutual%20Life%20Insurance%20Company.html,,,,,
CIGNA Corporation,cigna.com,,None,,,,,,,,,,,,,http://forgescan.github.io/web/CIGNA%20Corporation/CIGNA%20Corporation.html,,,,,
DIRECTV,directv.com,,http:\/\/www.timewarner.com\/sites\/timewarner.com\/files\/logo-images\/wb-logo.png,,,,,,,,,,,,,http://forgescan.github.io/web/DIRECTV/DIRECTV.html,,,,,
General Dynamics Corporation,generaldynamics.com,,http://halliburton.com/web-resources/common/img/halliburton_logo.jpg,,,,,,,,,,,,,http://forgescan.github.io/web/General%20Dynamics%20Corporation/General%20Dynamics%20Corporation.html,,,,,
Philip Morris International Inc.,pmi.com,,None,,,,,,,,,,,,,http://forgescan.github.io/web/Philip%20Morris%20International%20Inc./Philip%20Morris%20International%20Inc..html,,,,,
3M Company,3m.com,,common/images/ip-logo.gif,,,,,,,,,,,,,http://forgescan.github.io/web/3M%20Company/3M%20Company.html,,,,,
Time Warner Inc.,timewarner.com,,http://mcdonalds.com/etc/designs/mcdonalds/en/_jcr_content/genericpage/genericpagecontent/sitelevelconfiguration/logoimage.img.png,,,,,,,,,,,,,http://forgescan.github.io/web/Time%20Warner%20Inc./Time%20Warner%20Inc..html,,,,,
Halliburton Company,halliburton.com,,None,,,,,,,,,,,,,http://forgescan.github.io/web/Halliburton%20Company/Halliburton%20Company.html,,,,,
"Publix Super Markets, Inc.",publix.com,,None,,,,,,,,,,,,,"http://forgescan.github.io/web/Publix%20Super%20Markets,%20Inc./Publix%20Super%20Markets,%20Inc..html",,,,,
International Paper Company,internationalpaper.com,,,,,,,,,,,,,,,http://forgescan.github.io/web/International%20Paper%20Company/International%20Paper%20Company.html,,,,,
McDonald's Corporation,mcdonalds.com,,None,,,,,,,,,,,,,http://forgescan.github.io/web/McDonald's%20Corporation/McDonald's%20Corporation.html,,,,,
"Macy's, Inc.",macysinc.com,,None,,,,,,,,,,,,,"http://forgescan.github.io/web/Macy's,%20Inc./Macy's,%20Inc..html",,,,,
"The TJX Companies, Inc.",tjx.com,,http://aa.com/content/images/chrome/rebrand/aa-logo.png,,,,,,,,,,,,,"http://forgescan.github.io/web/The%20TJX%20Companies,%20Inc./The%20TJX%20Companies,%20Inc..html",,,,,
Fluor Corporation,fluor.com,,None,,,,,,,,,,,,,http://forgescan.github.io/web/Fluor%20Corporation/Fluor%20Corporation.html,,,,,
"Northwestern Mutual Life Insurance Company,Inc.",northwesternmutual.com,,None,,,,,,,,,,,,,"http://forgescan.github.io/web/Northwestern%20Mutual%20Life%20Insurance%20Company,Inc./Northwestern%20Mutual%20Life%20Insurance%20Company,Inc..html",,,,,
Tech Data Corporation,techdata.com,,None,,,,,,,,,,,,,http://forgescan.github.io/web/Tech%20Data%20Corporation/Tech%20Data%20Corporation.html,,,,,
American Airlines Group Inc.,aa.com,,><img src='/_catalogs/masterpage/Oxy/img/Occidentallogo2.gif' /></a></span>None,,,,,,,,,,,,,http://forgescan.github.io/web/American%20Airlines%20Group%20Inc./American%20Airlines%20Group%20Inc..html,,,,,
"The Hartford Financial Services Group, Inc.",thehartford.com,,>#banner .logo a{background:url(/image/company_logo?img_id=0&amp;t=1432357139032) no-repeat;display:block;font-size:0;height:76px;text-indent:-9999em;width:209px;}</style><link rel=,,,,,,,,,,,,,"http://forgescan.github.io/web/The%20Hartford%20Financial%20Services%20Group,%20Inc./The%20Hartford%20Financial%20Services%20Group,%20Inc..html",,,,,
"The Travelers Companies, Inc.",travelers.com,,None,,,,,,,,,,,,,"http://forgescan.github.io/web/The%20Travelers%20Companies,%20Inc./The%20Travelers%20Companies,%20Inc..html",,,,,
"Nike, Inc.",nikeinc.com,,None,,,,,,,,,,,,,"http://forgescan.github.io/web/Nike,%20Inc./Nike,%20Inc..html",,,,,
Occidental Petroleum Corporation,oxy.com,,../../_layouts/15/images/DCX/logo.jpg,,,,,,,,,,,,,http://forgescan.github.io/web/Occidental%20Petroleum%20Corporation/Occidental%20Petroleum%20Corporation.html,,,,,
"Avnet, Inc.",avnet.com,,None,,,,,,,,,,,,,"http://forgescan.github.io/web/Avnet,%20Inc./Avnet,%20Inc..html",,,,,
Rite Aid Corporation,riteaid.com,,http://duke-energy.com/images/de_logo.gif,,,,,,,,,,,,,http://forgescan.github.io/web/Rite%20Aid%20Corporation/Rite%20Aid%20Corporation.html,,,,,
Exelon Corporation,exeloncorp.com,,http://capitalone.com/assets/rwd/img/logo/capitalone-logo-2x-oasis.png,,,,,,,,,,,,,http://forgescan.github.io/web/Exelon%20Corporation/Exelon%20Corporation.html,,,,,
Qualcomm Incorporated,qualcomm.com,,.dp-logo {http://www.raytheon.com/rtnwcm/groups/secure/documents/site/rtn_logo.gif,,,,,,,,,,,,,http://forgescan.github.io/web/Qualcomm%20Incorporated/Qualcomm%20Incorporated.html,,,,,
Emerson Electric Co.,emerson.com,,None,,,,,,,,,,,,,http://forgescan.github.io/web/Emerson%20Electric%20Co./Emerson%20Electric%20Co..html,,,,,
Northrop Grumman Corporation,northropgrumman.com,,http://emc.com//www.emc.com/logout.htm,,,,,,,,,,,,,http://forgescan.github.io/web/Northrop%20Grumman%20Corporation/Northrop%20Grumman%20Corporation.html,,,,,
Duke Energy Corporation,duke-energy.com,,None,,,,,,,,,,,,,http://forgescan.github.io/web/Duke%20Energy%20Corporation/Duke%20Energy%20Corporation.html,,,,,
Capital One Financial Corporation,capitalone.com,,http://alcoa.com/common/images/general/top_alcoa_logo_wide.gif,,,,,,,,,,,,,http://forgescan.github.io/web/Capital%20One%20Financial%20Corporation/Capital%20One%20Financial%20Corporation.html,,,,,
Aflac Incorporated,aflac.com,,None,,,,,,,,,,,,,http://forgescan.github.io/web/Aflac%20Incorporated/Aflac%20Incorporated.html,,,,,
Raytheon Company,raytheon.com,,http://bakerhughes.com/assets/site/logo-4d1d4d05ee8eeb3014d7091760dca482.png,,,,,,,,,,,,,http://forgescan.github.io/web/Raytheon%20Company/Raytheon%20Company.html,,,,,
"Staples, Inc.",staples.com,,None,,,,,,,,,,,,,"http://forgescan.github.io/web/Staples,%20Inc./Staples,%20Inc..html",,,,,
EMC Corporation,emc.com,,http://twc.com/content/dam/residential/images/global/ge-header/twc-enjoy-better-logo.png,,,,,,,,,,,,,http://forgescan.github.io/web/EMC%20Corporation/EMC%20Corporation.html,,,,,
Eli Lilly and Company,lilly.com,,http://up.com/graphics/uprr/responsive/global/print-logo.jpg,,,,,,,,,,,,,http://forgescan.github.io/web/Eli%20Lilly%20and%20Company/Eli%20Lilly%20and%20Company.html,,,,,
Alcoa Inc.,alcoa.com,,http://prod2.dam.abbott.com/global/logos/logo.png,,,,,,,,,,,,,http://forgescan.github.io/web/Alcoa%20Inc./Alcoa%20Inc..html,,,,,
"National Oilwell Varco, Inc.",nov.com,,https://www.accounts.xerox.com/auth/logout.jsf?locale=en_US,,,,,,,,,,,,,"http://forgescan.github.io/web/National%20Oilwell%20Varco,%20Inc./National%20Oilwell%20Varco,%20Inc..html",,,,,
Baker Hughes Incorporated,bakerhughes.com,,None,,,,,,,,,,,,,http://forgescan.github.io/web/Baker%20Hughes%20Incorporated/Baker%20Hughes%20Incorporated.html,,,,,
"US Foods, Inc.",usfoods.com,,http://www.kimberly-clark.com/images/logo.png,,,,,,,,,,,,,"http://forgescan.github.io/web/US%20Foods,%20Inc./US%20Foods,%20Inc..html",,,,,
Time Warner Cable Inc.,twc.com,,http://usbank.com/images/comp_1_logo-usbank-siteheader.png,,,,,,,,,,,,,http://forgescan.github.io/web/Time%20Warner%20Cable%20Inc./Time%20Warner%20Cable%20Inc..html,,,,,
Union Pacific Corporation,up.com,,USAA.ec.logon.HandleLogonSubmit,,,,,,,,,,,,,http://forgescan.github.io/web/Union%20Pacific%20Corporation/Union%20Pacific%20Corporation.html,,,,,
Abbott Laboratories,abbott.com,,art/logo.gif,,,,,,,,,,,,,http://forgescan.github.io/web/Abbott%20Laboratories/Abbott%20Laboratories.html,,,,,
Xerox Corporation,xerox.com,,None,,,,,,,,,,,,,http://forgescan.github.io/web/Xerox%20Corporation/Xerox%20Corporation.html,,,,,
"Arrow Electronics, Inc",arrow.com,,http://manpowergroup.com/wps/wcm/connect/61979630-c025-4f8c-bc9e-def394ed62e3/logo-manpower-group-500.png?MOD=AJPERES&amp;CACHEID=61979630-c025-4f8c-bc9e-def394ed62e3,,,,,,,,,,,,,"http://forgescan.github.io/web/Arrow%20Electronics,%20Inc/Arrow%20Electronics,%20Inc.html",,,,,
Kimberly-Clark Corporation,kimberly-clark.com,,http://www.hollyfrontier.com/files/images/sticky_logo.png,,,,,,,,,,,,,http://forgescan.github.io/web/Kimberly-Clark%20Corporation/Kimberly-Clark%20Corporation.html,,,,,
U.S. Bancorp,usbank.com,,None,,,,,,,,,,,,,http://forgescan.github.io/web/U.S.%20Bancorp/U.S.%20Bancorp.html,,,,,
United Services Automobile Association,usaa.com,,http://goodyear.com/images/uikit/goodyear-logo.png,,,,,,,,,,,,,http://forgescan.github.io/web/United%20Services%20Automobile%20Association/United%20Services%20Automobile%20Association.html,,,,,
Freeport-McMoRan Copper & Gold Inc.,fcx.com,,None,,,,,,,,,,,,,http://forgescan.github.io/web/Freeport-McMoRan%20Copper%20&%20Gold%20Inc./Freeport-McMoRan%20Copper%20&%20Gold%20Inc..html,,,,,
Icahn Enterprises L.P.,ielp.com,,http://danaher.com/sites/all/themes/omega/danaher/images/logo.svg,,,,,,,,,,,,,http://forgescan.github.io/web/Icahn%20Enterprises%20L.P./Icahn%20Enterprises%20L.P..html,,,,,
ManpowerGroup Inc.,manpowergroup.com,,None,,,,,,,,,,,,,http://forgescan.github.io/web/ManpowerGroup%20Inc./ManpowerGroup%20Inc..html,,,,,
HollyFrontier Corporation,hollyfrontier.com,,None,,,,,,,,,,,,,http://forgescan.github.io/web/HollyFrontier%20Corporation/HollyFrontier%20Corporation.html,,,,,
Global Partners LP,globalp.com,,http://abbvie.com/content/dam/abbviecorp/icons/logo_abbvie.png,,,,,,,,,,,,,http://forgescan.github.io/web/Global%20Partners%20LP/Global%20Partners%20LP.html,,,,,
The Goodyear Tire & Rubber Company,goodyear.com,,http://becbbf6ed66b5ea3547b-943ad49fa0bf56534d6539e94192646e.r26.cf5.rackcdn.com/wp-content/uploads/logo_whirlpoolcorporation.png,,,,,,,,,,,,,http://forgescan.github.io/web/The%20Goodyear%20Tire%20&%20Rubber%20Company/The%20Goodyear%20Tire%20&%20Rubber%20Company.html,,,,,
PBF Energy Inc.,"www,pbfenergy.com",,None,,,,,,,,,,,,,http://forgescan.github.io/web/PBF%20Energy%20Inc./PBF%20Energy%20Inc..html,,,,,
Danaher Corporation,danaher.com,,None,,,,,,,,,,,,,http://forgescan.github.io/web/Danaher%20Corporation/Danaher%20Corporation.html,,,,,
Nucor Corporation,nucor.com,,None,,,,,,,,,,,,,http://forgescan.github.io/web/Nucor%20Corporation/Nucor%20Corporation.html,,,,,
Kohl's Corporation,kohlscorporation.com,,https://www.progressive.com/content/images/DomainProgressive/logo/logo-progressive.png;pvee649a3ffcbc9c74,,,,,,,,,,,,,http://forgescan.github.io/web/Kohl's%20Corporation/Kohl's%20Corporation.html,,,,,
AbbVie Inc.,abbvie.com,,None,,,,,,,,,,,,,http://forgescan.github.io/web/AbbVie%20Inc./AbbVie%20Inc..html,,,,,
Whirlpool Corporation,whirlpoolcorp.com,,None,,,,,,,,,,,,,http://forgescan.github.io/web/Whirlpool%20Corporation/Whirlpool%20Corporation.html,,,,,
Amgen Inc.,amgen.com,,http://www.southwest.com/assets/images/logos/southwest_logo_600x315.png,,,,,,,,,,,,,http://forgescan.github.io/web/Amgen%20Inc./Amgen%20Inc..html,,,,,
"Jabil Circuit, Inc.",jabil.com,,None,,,,,,,,,,,,,"http://forgescan.github.io/web/Jabil%20Circuit,%20Inc./Jabil%20Circuit,%20Inc..html",,,,,
"Kraft Foods Group, Inc.",kraftfoodsgroup.com,,None,,,,,,,,,,,,,"http://forgescan.github.io/web/Kraft%20Foods%20Group,%20Inc./Kraft%20Foods%20Group,%20Inc..html",,,,,
The Progressive Corporation,progressive.com,,http://chk.com/style library/img/logo-small.png,,,,,,,,,,,,,http://forgescan.github.io/web/The%20Progressive%20Corporation/The%20Progressive%20Corporation.html,,,,,
"CenturyLink, Inc.",centurylink.com,,None,,,,,,,,,,,,,"http://forgescan.github.io/web/CenturyLink,%20Inc./CenturyLink,%20Inc..html",,,,,
"General Mills, Inc.",generalmills.com,,None,,,,,,,,,,,,,"http://forgescan.github.io/web/General%20Mills,%20Inc./General%20Mills,%20Inc..html",,,,,
Southwest Airlines Co.,southwest.com,,None,,,,,,,,,,,,,http://forgescan.github.io/web/Southwest%20Airlines%20Co./Southwest%20Airlines%20Co..html,,,,,
"Altria Group, Inc.",altria.com,,http://colgatepalmolive.com/Colgate/Common/homepagev3/images/logos/globie.png,,,,,,,,,,,,,"http://forgescan.github.io/web/Altria%20Group,%20Inc./Altria%20Group,%20Inc..html",,,,,
"AutoNation, Inc.",autonation.com,,None,,,,,,,,,,,,,"http://forgescan.github.io/web/AutoNation,%20Inc./AutoNation,%20Inc..html",,,,,
Chesapeake Energy Corporation,chk.com,,http://paccar.com/img/logo_paccar.png,,,,,,,,,,,,,http://forgescan.github.io/web/Chesapeake%20Energy%20Corporation/Chesapeake%20Energy%20Corporation.html,,,,,
Dollar General Corporation,dollargeneral.com,,None,,,,,,,,,,,,,http://forgescan.github.io/web/Dollar%20General%20Corporation/Dollar%20General%20Corporation.html,,,,,
TRW Automotive Holdings Corp.,trw.com,,None,,,,,,,,,,,,,http://forgescan.github.io/web/TRW%20Automotive%20Holdings%20Corp./TRW%20Automotive%20Holdings%20Corp..html,,,,,
United States Steel Corporation,ussteel.com,,None,,,,,,,,,,,,,http://forgescan.github.io/web/United%20States%20Steel%20Corporation/United%20States%20Steel%20Corporation.html,,,,,
Colgate-Palmolive Company,colgatepalmolive.com,,None,,,,,,,,,,,,,http://forgescan.github.io/web/Colgate-Palmolive%20Company/Colgate-Palmolive%20Company.html,,,,,
Cummins Inc.,cummins.com,,AES and the AES logo are trademarks of The AES Corporation.None,,,,,,,,,,,,,http://forgescan.github.io/web/Cummins%20Inc./Cummins%20Inc..html,,,,,
PACCAR Inc,paccar.com,,,,,,,,,,,,,,,http://forgescan.github.io/web/PACCAR%20Inc/PACCAR%20Inc.html,,,,,
The Southern Company,southerncompany.com,,http://lear.com/assets/images/logo.gif,,,,,,,,,,,,,http://forgescan.github.io/web/The%20Southern%20Company/The%20Southern%20Company.html,,,,,
Illinois Tool Works Inc.,itw.com,,None,,,,,,,,,,,,,http://forgescan.github.io/web/Illinois%20Tool%20Works%20Inc./Illinois%20Tool%20Works%20Inc..html,,,,,
"The PNC Financial Services Group, Inc.",pnc.com,,http://apachecorp.com/resources/Skins/ApacheCorp/Layouts/Apache Website Page/Files/Images/Apache-logo.png,,,,,,,,,,,,,"http://forgescan.github.io/web/The%20PNC%20Financial%20Services%20Group,%20Inc./The%20PNC%20Financial%20Services%20Group,%20Inc..html",,,,,
"Medtronic, Inc.",medtronic.com,,http://www.ebayinc.com/sites/default/files/logo.png,,,,,,,,,,,,,"http://forgescan.github.io/web/Medtronic,%20Inc./Medtronic,%20Inc..html",,,,,
The AES Corporation,aes.com,,None,,,,,,,,,,,,,http://forgescan.github.io/web/The%20AES%20Corporation/The%20AES%20Corporation.html,,,,,
Murphy USA Inc.,corporate.murphyusa.com,,None,,,,,,,,,,,,,http://forgescan.github.io/web/Murphy%20USA%20Inc./Murphy%20USA%20Inc..html,,,,,
Bristol-Myers Squibb Company,bms.com,,http://pge.com/resources/images/an_c6-social-media/icon-twitter-logo.jpg,,,,,,,,,,,,,http://forgescan.github.io/web/Bristol-Myers%20Squibb%20Company/Bristol-Myers%20Squibb%20Company.html,,,,,
Lear Corporation,lear.com,,None,,,,,,,,,,,,,http://forgescan.github.io/web/Lear%20Corporation/Lear%20Corporation.html,,,,,
"The Gap, Inc.",gapinc.com,,http://csc.com//assets1.csc.com/home/images/logo.png,,,,,,,,,,,,,"http://forgescan.github.io/web/The%20Gap,%20Inc./The%20Gap,%20Inc..html",,,,,
Apache Corporation,apachecorp.com,,None,,,,,,,,,,,,,http://forgescan.github.io/web/Apache%20Corporation/Apache%20Corporation.html,,,,,
eBay Inc.,ebayinc.com,,http://westerndigital.com/global/images/logos/wdlogo395.jpg,,,,,,,,,,,,,http://forgescan.github.io/web/eBay%20Inc./eBay%20Inc..html,,,,,
The Bank of New York Mellon Corporation,bnymellon.com,,None,,,,,,,,,,,,,http://forgescan.github.io/web/The%20Bank%20of%20New%20York%20Mellon%20Corporation/The%20Bank%20of%20New%20York%20Mellon%20Corporation.html,,,,,
CBS Corporation,cbscorporation.com,,http://baxter.com/_img/baxter-logo.png,,,,,,,,,,,,,http://forgescan.github.io/web/CBS%20Corporation/CBS%20Corporation.html,,,,,
PG&E Corporation,pge.com,,None,,,,,,,,,,,,,http://forgescan.github.io/web/PG&E%20Corporation/PG&E%20Corporation.html,,,,,
"ConAgra Foods, Inc.",conagrafoods.com,,None,,,,,,,,,,,,,"http://forgescan.github.io/web/ConAgra%20Foods,%20Inc./ConAgra%20Foods,%20Inc..html",,,,,
Computer Sciences Corporation,csc.com,,None,,,,,,,,,,,,,http://forgescan.github.io/web/Computer%20Sciences%20Corporation/Computer%20Sciences%20Corporation.html,,,,,
"American Electric Power Company, Inc.",aep.com,,None,,,,,,,,,,,,,"http://forgescan.github.io/web/American%20Electric%20Power%20Company,%20Inc./American%20Electric%20Power%20Company,%20Inc..html",,,,,
Western Digital Corporation,westerndigital.com,,None,,,,,,,,,,,,,http://forgescan.github.io/web/Western%20Digital%20Corporation/Western%20Digital%20Corporation.html,,,,,
Marathon Oil Corporation,marathonoil.com,,http://firstenergycorp.com/content/dam/opcologos/FE-logo-w-padding-6.png,,,,,,,,,,,,,http://forgescan.github.io/web/Marathon%20Oil%20Corporation/Marathon%20Oil%20Corporation.html,,,,,
Baxter International Inc.,baxter.com,,http:///static/images/global/logo.png,,,,,,,,,,,,,http://forgescan.github.io/web/Baxter%20International%20Inc./Baxter%20International%20Inc..html,,,,,
"PPG Industries, Inc.",ppg.com,,None,,,,,,,,,,,,,"http://forgescan.github.io/web/PPG%20Industries,%20Inc./PPG%20Industries,%20Inc..html",,,,,
"NextEra Energy, Inc.",nexteraenergy.com,,.logo-kelloggs {None,,,,,,,,,,,,,"http://forgescan.github.io/web/NextEra%20Energy,%20Inc./NextEra%20Energy,%20Inc..html",,,,,
"Community Health Systems, Inc.",chs.net,,None,,,,,,,,,,,,,"http://forgescan.github.io/web/Community%20Health%20Systems,%20Inc./Community%20Health%20Systems,%20Inc..html",,,,,
Loews Corporation,loews.com,,None,,,,,,,,,,,,,http://forgescan.github.io/web/Loews%20Corporation/Loews%20Corporation.html,,,,,
"Penske Automotive Group, Inc.",penskeautomotive.com,,http://anadarko.com/images/apc/logo.svg,,,,,,,,,,,,,"http://forgescan.github.io/web/Penske%20Automotive%20Group,%20Inc./Penske%20Automotive%20Group,%20Inc..html",,,,,
FirstEnergy Corp.,firstenergycorp.com,,None,,,,,,,,,,,,,http://forgescan.github.io/web/FirstEnergy%20Corp./FirstEnergy%20Corp..html,,,,,
Starbucks Corporation,starbucks.com,,None,,,,,,,,,,,,,http://forgescan.github.io/web/Starbucks%20Corporation/Starbucks%20Corporation.html,,,,,
Monsanto Company,monsanto.com,,imgwgc/napa_logo.png,,,,,,,,,,,,,http://forgescan.github.io/web/Monsanto%20Company/Monsanto%20Company.html,,,,,
Kellogg Company,kelloggcompany.com,,None,,,,,,,,,,,,,http://forgescan.github.io/web/Kellogg%20Company/Kellogg%20Company.html,,,,,
"Land O'Lakes, Inc.",landolakesinc.com,,None,,,,,,,,,,,,,"http://forgescan.github.io/web/Land%20O'Lakes,%20Inc./Land%20O'Lakes,%20Inc..html",,,,,
"ONEOK, Inc.",oneok.com,,http://chubb.com/common/images/img_chubb_logo.gif,,,,,,,,,,,,,"http://forgescan.github.io/web/ONEOK,%20Inc./ONEOK,%20Inc..html",,,,,
Omnicom Group Inc.,omnicomgroup.com,,None,,,,,,,,,,,,,http://forgescan.github.io/web/Omnicom%20Group%20Inc./Omnicom%20Group%20Inc..html,,,,,
Anadarko Petroleum Corporation,anadarko.com,,http://viacom.com/sitecollectionimages/viacom_logo.png,,,,,,,,,,,,,http://forgescan.github.io/web/Anadarko%20Petroleum%20Corporation/Anadarko%20Petroleum%20Corporation.html,,,,,
"EOG Resources, Inc.",eogresources.com,,,,,,,,,,,,,,,"http://forgescan.github.io/web/EOG%20Resources,%20Inc./EOG%20Resources,%20Inc..html",,,,,
DISH Network Corporation,dish.com,,,,,,,,,,,,,,,http://forgescan.github.io/web/DISH%20Network%20Corporation/DISH%20Network%20Corporation.html,,,,,
Genuine Parts Company,genpt.com,,,,,,,,,,,,,,,http://forgescan.github.io/web/Genuine%20Parts%20Company/Genuine%20Parts%20Company.html,,,,,
"Kinder Morgan, Inc.",kindermorgan.com,,,,,,,,,,,,,,,"http://forgescan.github.io/web/Kinder%20Morgan,%20Inc./Kinder%20Morgan,%20Inc..html",,,,,
"Waste Management, Inc.",wm.com,,,,,,,,,,,,,,,"http://forgescan.github.io/web/Waste%20Management,%20Inc./Waste%20Management,%20Inc..html",,,,,
The Chubb Corporation,chubb.com,,,,,,,,,,,,,,,http://forgescan.github.io/web/The%20Chubb%20Corporation/The%20Chubb%20Corporation.html,,,,,
Aramark Holdings Corporation,aramark.com,,,,,,,,,,,,,,,http://forgescan.github.io/web/Aramark%20Holdings%20Corporation/Aramark%20Holdings%20Corporation.html,,,,,
Viacom Inc.,viacom.com,,,,,,,,,,,,,,,http://forgescan.github.io/web/Viacom%20Inc./Viacom%20Inc..html,,,,,
Las Vegas Sands Corp.,sands.com,,,,,,,,,,,,,,,http://forgescan.github.io/web/Las%20Vegas%20Sands%20Corp./Las%20Vegas%20Sands%20Corp..html,,,,,
"Dominion Resources, Inc.",dom.com,,,,,,,,,,,,,,,"http://forgescan.github.io/web/Dominion%20Resources,%20Inc./Dominion%20Resources,%20Inc..html",,,,,
Ecolab Inc.,ecolab.com,,,,,,,,,,,,,,,http://forgescan.github.io/web/Ecolab%20Inc./Ecolab%20Inc..html,,,,,
"Smithfield Foods, Inc.",smithfieldfoods.com,,,,,,,,,,,,,,,"http://forgescan.github.io/web/Smithfield%20Foods,%20Inc./Smithfield%20Foods,%20Inc..html",,,,,
Thermo Fisher Scientific Inc.,thermofisher.com,,,,,,,,,,,,,,,http://forgescan.github.io/web/Thermo%20Fisher%20Scientific%20Inc./Thermo%20Fisher%20Scientific%20Inc..html,,,,,
"Yum! Brands, Inc.",yum.com,,,,,,,,,,,,,,,"http://forgescan.github.io/web/Yum!%20Brands,%20Inc./Yum!%20Brands,%20Inc..html",,,,,
Parker-Hannifin Corporation,parker.com,,,,,,,,,,,,,,,http://forgescan.github.io/web/Parker-Hannifin%20Corporation/Parker-Hannifin%20Corporation.html,,,,,
"Whole Foods Market, Inc.",wholefoodsmarket.com,,,,,,,,,,,,,,,"http://forgescan.github.io/web/Whole%20Foods%20Market,%20Inc./Whole%20Foods%20Market,%20Inc..html",,,,,
"Marriott International, Inc.",marriott.com,,,,,,,,,,,,,,,"http://forgescan.github.io/web/Marriott%20International,%20Inc./Marriott%20International,%20Inc..html",,,,,
"C. H. Robinson Worldwide, Inc.",chrobinson.com,,,,,,,,,,,,,,,"http://forgescan.github.io/web/C.%20H.%20Robinson%20Worldwide,%20Inc./C.%20H.%20Robinson%20Worldwide,%20Inc..html",,,,,
"L-3 Communications Holdings, Inc.",l-3com.com,,,,,,,,,,,,,,,"http://forgescan.github.io/web/L-3%20Communications%20Holdings,%20Inc./L-3%20Communications%20Holdings,%20Inc..html",,,,,
Edison International,edisoninvestor.com,,,,,,,,,,,,,,,http://forgescan.github.io/web/Edison%20International/Edison%20International.html,,,,,
"Toys ""R"" Us, Inc.",toysrusinc.com,,,,,,,,,,,,,,,"http://forgescan.github.io/web/Toys%20""R""%20Us,%20Inc./Toys%20""R""%20Us,%20Inc..html",,,,,
"Nordstrom, Inc.",nordstrom.com,,,,,,,,,,,,,,,"http://forgescan.github.io/web/Nordstrom,%20Inc./Nordstrom,%20Inc..html",,,,,
"Consolidated Edison, Inc.",conedison.com,,,,,,,,,,,,,,,"http://forgescan.github.io/web/Consolidated%20Edison,%20Inc./Consolidated%20Edison,%20Inc..html",,,,,
"Marsh & McLennan Companies, Inc.",mmc.com,,,,,,,,,,,,,,,"http://forgescan.github.io/web/Marsh%20&%20McLennan%20Companies,%20Inc./Marsh%20&%20McLennan%20Companies,%20Inc..html",,,,,
Texas Instruments Incorporated,ti.com,,,,,,,,,,,,,,,http://forgescan.github.io/web/Texas%20Instruments%20Incorporated/Texas%20Instruments%20Incorporated.html,,,,,
Textron Inc.,textron.com,,,,,,,,,,,,,,,http://forgescan.github.io/web/Textron%20Inc./Textron%20Inc..html,,,,,
Tenet Healthcare Corporation,tenethealth.com,,,,,,,,,,,,,,,http://forgescan.github.io/web/Tenet%20Healthcare%20Corporation/Tenet%20Healthcare%20Corporation.html,,,,,
DaVita HealthCare Partners Inc.,davita.com,,,,,,,,,,,,,,,http://forgescan.github.io/web/DaVita%20HealthCare%20Partners%20Inc./DaVita%20HealthCare%20Partners%20Inc..html,,,,,
CSX Corporation,csx.com,,,,,,,,,,,,,,,http://forgescan.github.io/web/CSX%20Corporation/CSX%20Corporation.html,,,,,
Lincoln National Corporation,lfg.com,,,,,,,,,,,,,,,http://forgescan.github.io/web/Lincoln%20National%20Corporation/Lincoln%20National%20Corporation.html,,,,,
"Praxair, Inc.",praxair.com,,,,,,,,,,,,,,,"http://forgescan.github.io/web/Praxair,%20Inc./Praxair,%20Inc..html",,,,,
PPL Corporation,pplweb.com,,,,,,,,,,,,,,,http://forgescan.github.io/web/PPL%20Corporation/PPL%20Corporation.html,,,,,
"J.C. Penney Company, Inc.",jcpenney.com,,,,,,,,,,,,,,,"http://forgescan.github.io/web/J.C.%20Penney%20Company,%20Inc./J.C.%20Penney%20Company,%20Inc..html",,,,,
"Peter Kiewit Sons', Inc.",kiewit.com,,,,,,,,,,,,,,,"http://forgescan.github.io/web/Peter%20Kiewit%20Sons',%20Inc./Peter%20Kiewit%20Sons',%20Inc..html",,,,,
Jacobs Engineering Group Inc.,jacobs.com,,,,,,,,,,,,,,,http://forgescan.github.io/web/Jacobs%20Engineering%20Group%20Inc./Jacobs%20Engineering%20Group%20Inc..html,,,,,
Visa Inc.,corporate.visa.com,,,,,,,,,,,,,,,http://forgescan.github.io/web/Visa%20Inc./Visa%20Inc..html,,,,,
H.J. Heinz Company,heinz.com,,,,,,,,,,,,,,,http://forgescan.github.io/web/H.J.%20Heinz%20Company/H.J.%20Heinz%20Company.html,,,,,
"CarMax, Inc.",carmax.com,,,,,,,,,,,,,,,"http://forgescan.github.io/web/CarMax,%20Inc./CarMax,%20Inc..html",,,,,
V.F. Corporation,vfc.com,,,,,,,,,,,,,,,http://forgescan.github.io/web/V.F.%20Corporation/V.F.%20Corporation.html,,,,,
Entergy Corporation,entergy.com,,,,,,,,,,,,,,,http://forgescan.github.io/web/Entergy%20Corporation/Entergy%20Corporation.html,,,,,
"Automatic Data Processing, Inc.",adp.com,,,,,,,,,,,,,,,"http://forgescan.github.io/web/Automatic%20Data%20Processing,%20Inc./Automatic%20Data%20Processing,%20Inc..html",,,,,
"NRG Energy, Inc.",nrgenergy.com,,,,,,,,,,,,,,,"http://forgescan.github.io/web/NRG%20Energy,%20Inc./NRG%20Energy,%20Inc..html",,,,,
Guardian Life Ins. Co. of America,guardianlife.com,,,,,,,,,,,,,,,http://forgescan.github.io/web/Guardian%20Life%20Ins.%20Co.%20of%20America/Guardian%20Life%20Ins.%20Co.%20of%20America.html,,,,,
Liberty Interactive Corporation,libertyinteractive.com,,,,,,,,,,,,,,,http://forgescan.github.io/web/Liberty%20Interactive%20Corporation/Liberty%20Interactive%20Corporation.html,,,,,
Norfolk Southern Corporation,nscorp.com,,,,,,,,,,,,,,,http://forgescan.github.io/web/Norfolk%20Southern%20Corporation/Norfolk%20Southern%20Corporation.html,,,,,
"Office Depot, Inc.",officedepot.com,,,,,,,,,,,,,,,"http://forgescan.github.io/web/Office%20Depot,%20Inc./Office%20Depot,%20Inc..html",,,,,
"Ameriprise Financial, Inc.",ameriprise.com,,,,,,,,,,,,,,,"http://forgescan.github.io/web/Ameriprise%20Financial,%20Inc./Ameriprise%20Financial,%20Inc..html",,,,,
"Gilead Sciences, Inc.",gilead.com,,,,,,,,,,,,,,,"http://forgescan.github.io/web/Gilead%20Sciences,%20Inc./Gilead%20Sciences,%20Inc..html",,,,,
Centene Corporation,centene.com,,,,,,,,,,,,,,,http://forgescan.github.io/web/Centene%20Corporation/Centene%20Corporation.html,,,,,
Leucadia National Corporation,leucadia.com,,,,,,,,,,,,,,,http://forgescan.github.io/web/Leucadia%20National%20Corporation/Leucadia%20National%20Corporation.html,,,,,
Huntsman Corporation,huntsman.com,,,,,,,,,,,,,,,http://forgescan.github.io/web/Huntsman%20Corporation/Huntsman%20Corporation.html,,,,,
"Health Net, Inc.",healthnet.com,,,,,,,,,,,,,,,"http://forgescan.github.io/web/Health%20Net,%20Inc./Health%20Net,%20Inc..html",,,,,
"Stanley Black & Decker, Inc.",stanleyblackanddecker.com,,,,,,,,,,,,,,,"http://forgescan.github.io/web/Stanley%20Black%20&%20Decker,%20Inc./Stanley%20Black%20&%20Decker,%20Inc..html",,,,,
URS Corporation,urs.com,,,,,,,,,,,,,,,http://forgescan.github.io/web/URS%20Corporation/URS%20Corporation.html,,,,,
Xcel Energy Inc.,xcelenergy.com,,,,,,,,,,,,,,,http://forgescan.github.io/web/Xcel%20Energy%20Inc./Xcel%20Energy%20Inc..html,,,,,
Bed Bath & Beyond Inc.,bedbathandbeyond.com,,,,,,,,,,,,,,,http://forgescan.github.io/web/Bed%20Bath%20&%20Beyond%20Inc./Bed%20Bath%20&%20Beyond%20Inc..html,,,,,
Navistar International Corporation,navistar.com,,,,,,,,,,,,,,,http://forgescan.github.io/web/Navistar%20International%20Corporation/Navistar%20International%20Corporation.html,,,,,
Synnex Corporation,synnex.com,,,,,,,,,,,,,,,http://forgescan.github.io/web/Synnex%20Corporation/Synnex%20Corporation.html,,,,,
First Data Corporation,firstdata.com,,,,,,,,,,,,,,,http://forgescan.github.io/web/First%20Data%20Corporation/First%20Data%20Corporation.html,,,,,
AGCO Corporation,agcocorp.com,,,,,,,,,,,,,,,http://forgescan.github.io/web/AGCO%20Corporation/AGCO%20Corporation.html,,,,,
"L Brands, Inc.",lb.com,,,,,,,,,,,,,,,"http://forgescan.github.io/web/L%20Brands,%20Inc./L%20Brands,%20Inc..html",,,,,
"Hertz Global Holdings, Inc.",hertz.com,,,,,,,,,,,,,,,"http://forgescan.github.io/web/Hertz%20Global%20Holdings,%20Inc./Hertz%20Global%20Holdings,%20Inc..html",,,,,
CDW Corporation,cdw.com,,,,,,,,,,,,,,,http://forgescan.github.io/web/CDW%20Corporation/CDW%20Corporation.html,,,,,
"CST Brands, Inc.",cstbrands.com,,,,,,,,,,,,,,,"http://forgescan.github.io/web/CST%20Brands,%20Inc./CST%20Brands,%20Inc..html",,,,,
Sempra Energy,sempra.com,,,,,,,,,,,,,,,http://forgescan.github.io/web/Sempra%20Energy/Sempra%20Energy.html,,,,,
R.R. Donnelley & Sons Company,rrdonnelley.com,,,,,,,,,,,,,,,http://forgescan.github.io/web/R.R.%20Donnelley%20&%20Sons%20Company/R.R.%20Donnelley%20&%20Sons%20Company.html,,,,,
BB&T Corporation,bbt.com,,,,,,,,,,,,,,,http://forgescan.github.io/web/BB&T%20Corporation/BB&T%20Corporation.html,,,,,
Devon Energy Corporation,devonenergy.com,,,,,,,,,,,,,,,http://forgescan.github.io/web/Devon%20Energy%20Corporation/Devon%20Energy%20Corporation.html,,,,,
"Family Dollar Stores, Inc.",familydollar.com,,,,,,,,,,,,,,,"http://forgescan.github.io/web/Family%20Dollar%20Stores,%20Inc./Family%20Dollar%20Stores,%20Inc..html",,,,,
Unum Group,unum.com,,,,,,,,,,,,,,,http://forgescan.github.io/web/Unum%20Group/Unum%20Group.html,,,,,
Ally Financial Inc.,ally.com,,,,,,,,,,,,,,,http://forgescan.github.io/web/Ally%20Financial%20Inc./Ally%20Financial%20Inc..html,,,,,
"Reinsurance Group of America, Incorporated",rgare.com,,,,,,,,,,,,,,,"http://forgescan.github.io/web/Reinsurance%20Group%20of%20America,%20Incorporated/Reinsurance%20Group%20of%20America,%20Incorporated.html",,,,,
State Street Corporation,statestreet.com,,,,,,,,,,,,,,,http://forgescan.github.io/web/State%20Street%20Corporation/State%20Street%20Corporation.html,,,,,
"Air Products & Chemicals, Inc.",airproducts.com,,,,,,,,,,,,,,,"http://forgescan.github.io/web/Air%20Products%20&%20Chemicals,%20Inc./Air%20Products%20&%20Chemicals,%20Inc..html",,,,,
"Ross Stores, Inc.",rossstores.com,,,,,,,,,,,,,,,"http://forgescan.github.io/web/Ross%20Stores,%20Inc./Ross%20Stores,%20Inc..html",,,,,
The Sherwin-Williams Company,sherwin.com,,,,,,,,,,,,,,,http://forgescan.github.io/web/The%20Sherwin-Williams%20Company/The%20Sherwin-Williams%20Company.html,,,,,
The Est?ö£?îÉe Lauder Companies Inc.,elcompanies.com,,,,,,,,,,,,,,,http://forgescan.github.io/web/The%20Est?ö£?îÉe%20Lauder%20Companies%20Inc./The%20Est?ö£?îÉe%20Lauder%20Companies%20Inc..html,,,,,
"BlackRock, Inc.",blackrock.com,,,,,,,,,,,,,,,"http://forgescan.github.io/web/BlackRock,%20Inc./BlackRock,%20Inc..html",,,,,
"Western Refining, Inc.",wnr.com,,,,,,,,,,,,,,,"http://forgescan.github.io/web/Western%20Refining,%20Inc./Western%20Refining,%20Inc..html",,,,,
"Avon Products, Inc.",avoncompany.com,,,,,,,,,,,,,,,"http://forgescan.github.io/web/Avon%20Products,%20Inc./Avon%20Products,%20Inc..html",,,,,
The Mosaic Company,mosaicco.com,,,,,,,,,,,,,,,http://forgescan.github.io/web/The%20Mosaic%20Company/The%20Mosaic%20Company.html,,,,,
Public Service Enterprise Group Incorporated,pseg.com,,,,,,,,,,,,,,,http://forgescan.github.io/web/Public%20Service%20Enterprise%20Group%20Incorporated/Public%20Service%20Enterprise%20Group%20Incorporated.html,,,,,
Dean Foods Company,deanfoods.com,,,,,,,,,,,,,,,http://forgescan.github.io/web/Dean%20Foods%20Company/Dean%20Foods%20Company.html,,,,,
Cameron International Corporation,c-a-m.com,,,,,,,,,,,,,,,http://forgescan.github.io/web/Cameron%20International%20Corporation/Cameron%20International%20Corporation.html,,,,,
MGM Resorts International,mgmresorts.com,,,,,,,,,,,,,,,http://forgescan.github.io/web/MGM%20Resorts%20International/MGM%20Resorts%20International.html,,,,,
KKR & Co. L.P.,kkr.com,,,,,,,,,,,,,,,http://forgescan.github.io/web/KKR%20&%20Co.%20L.P./KKR%20&%20Co.%20L.P..html,,,,,
Hilton Worldwide Holdings Inc.,hiltonworldwide.com,,,,,,,,,,,,,,,http://forgescan.github.io/web/Hilton%20Worldwide%20Holdings%20Inc./Hilton%20Worldwide%20Holdings%20Inc..html,,,,,
DTE Energy Company,dteenergy.com,,,,,,,,,,,,,,,http://forgescan.github.io/web/DTE%20Energy%20Company/DTE%20Energy%20Company.html,,,,,
"Genworth Financial, Inc.",genworth.com,,,,,,,,,,,,,,,"http://forgescan.github.io/web/Genworth%20Financial,%20Inc./Genworth%20Financial,%20Inc..html",,,,,
"Henry Schein, Inc.",henryschein.com,,,,,,,,,,,,,,,"http://forgescan.github.io/web/Henry%20Schein,%20Inc./Henry%20Schein,%20Inc..html",,,,,
Rock-Tenn Company,rocktenn.com,,,,,,,,,,,,,,,http://forgescan.github.io/web/Rock-Tenn%20Company/Rock-Tenn%20Company.html,,,,,
"WellCare Health Plans, Inc.",wellcare.com,,,,,,,,,,,,,,,"http://forgescan.github.io/web/WellCare%20Health%20Plans,%20Inc./WellCare%20Health%20Plans,%20Inc..html",,,,,
"W.W. Grainger, Inc.",grainger.com,,,,,,,,,,,,,,,"http://forgescan.github.io/web/W.W.%20Grainger,%20Inc./W.W.%20Grainger,%20Inc..html",,,,,
Discover Financial Services,discoverfinancial.com,,,,,,,,,,,,,,,http://forgescan.github.io/web/Discover%20Financial%20Services/Discover%20Financial%20Services.html,,,,,
Eastman Chemical Company,eastman.com,,,,,,,,,,,,,,,http://forgescan.github.io/web/Eastman%20Chemical%20Company/Eastman%20Chemical%20Company.html,,,,,
"Principal Financial Group, Inc.",principal.com,,,,,,,,,,,,,,,"http://forgescan.github.io/web/Principal%20Financial%20Group,%20Inc./Principal%20Financial%20Group,%20Inc..html",,,,,
Reliance Steel & Aluminum Co.,rsac.com,,,,,,,,,,,,,,,http://forgescan.github.io/web/Reliance%20Steel%20&%20Aluminum%20Co./Reliance%20Steel%20&%20Aluminum%20Co..html,,,,,
"AutoZone, Inc.",autozone.com,,,,,,,,,,,,,,,"http://forgescan.github.io/web/AutoZone,%20Inc./AutoZone,%20Inc..html",,,,,
Dover Corporation,dovercorporation.com,,,,,,,,,,,,,,,http://forgescan.github.io/web/Dover%20Corporation/Dover%20Corporation.html,,,,,
"Micron Technology, Inc.",micron.com,,,,,,,,,,,,,,,"http://forgescan.github.io/web/Micron%20Technology,%20Inc./Micron%20Technology,%20Inc..html",,,,,
"Owens & Minor, Inc.",owens-minor.com,,,,,,,,,,,,,,,"http://forgescan.github.io/web/Owens%20&%20Minor,%20Inc./Owens%20&%20Minor,%20Inc..html",,,,,
"Assurant, Inc.",assurant.com,,,,,,,,,,,,,,,"http://forgescan.github.io/web/Assurant,%20Inc./Assurant,%20Inc..html",,,,,
GameStop Corp.,gamestopcorp.com,,,,,,,,,,,,,,,http://forgescan.github.io/web/GameStop%20Corp./GameStop%20Corp..html,,,,,
Stryker Corporation,stryker.com,,,,,,,,,,,,,,,http://forgescan.github.io/web/Stryker%20Corporation/Stryker%20Corporation.html,,,,,
"Group 1 Automotive, Inc.",group1auto.com,,,,,,,,,,,,,,,"http://forgescan.github.io/web/Group%201%20Automotive,%20Inc./Group%201%20Automotive,%20Inc..html",,,,,
Cognizant Technology Solutions Corporation,cognizant.com,,,,,,,,,,,,,,,http://forgescan.github.io/web/Cognizant%20Technology%20Solutions%20Corporation/Cognizant%20Technology%20Solutions%20Corporation.html,,,,,
"Sonic Automotive, Inc.",sonicautomotive.com,,,,,,,,,,,,,,,"http://forgescan.github.io/web/Sonic%20Automotive,%20Inc./Sonic%20Automotive,%20Inc..html",,,,,
"Autoliv, Inc.",autoliv.com,,,,,,,,,,,,,,,"http://forgescan.github.io/web/Autoliv,%20Inc./Autoliv,%20Inc..html",,,,,
Hormel Foods Corporation,hormelfoods.com,,,,,,,,,,,,,,,http://forgescan.github.io/web/Hormel%20Foods%20Corporation/Hormel%20Foods%20Corporation.html,,,,,
"Motorola Solutions, Inc.",motorolasolutions.com,,,,,,,,,,,,,,,"http://forgescan.github.io/web/Motorola%20Solutions,%20Inc./Motorola%20Solutions,%20Inc..html",,,,,
"Crown Holdings, Inc.",crowncork.com,,,,,,,,,,,,,,,"http://forgescan.github.io/web/Crown%20Holdings,%20Inc./Crown%20Holdings,%20Inc..html",,,,,
"SunTrust Banks, Inc.",suntrust.com,,,,,,,,,,,,,,,"http://forgescan.github.io/web/SunTrust%20Banks,%20Inc./SunTrust%20Banks,%20Inc..html",,,,,
Campbell Soup Company,campbellsoupcompany.com,,,,,,,,,,,,,,,http://forgescan.github.io/web/Campbell%20Soup%20Company/Campbell%20Soup%20Company.html,,,,,
"Fidelity National Financial, Inc.",fnf.com,,,,,,,,,,,,,,,"http://forgescan.github.io/web/Fidelity%20National%20Financial,%20Inc./Fidelity%20National%20Financial,%20Inc..html",,,,,
"HD Supply Holdings, Inc.",hdsupply.com,,,,,,,,,,,,,,,"http://forgescan.github.io/web/HD%20Supply%20Holdings,%20Inc./HD%20Supply%20Holdings,%20Inc..html",,,,,
Caesars Entertainment Corporation,caesars.com,,,,,,,,,,,,,,,http://forgescan.github.io/web/Caesars%20Entertainment%20Corporation/Caesars%20Entertainment%20Corporation.html,,,,,
"Darden Restaurants, Inc.",darden.com,,,,,,,,,,,,,,,"http://forgescan.github.io/web/Darden%20Restaurants,%20Inc./Darden%20Restaurants,%20Inc..html",,,,,
Weyerhaeuser Company,weyerhaeuser.com,,,,,,,,,,,,,,,http://forgescan.github.io/web/Weyerhaeuser%20Company/Weyerhaeuser%20Company.html,,,,,
Ball Corporation,ball.com,,,,,,,,,,,,,,,http://forgescan.github.io/web/Ball%20Corporation/Ball%20Corporation.html,,,,,
Precision Castparts Corp.,precast.com,,,,,,,,,,,,,,,http://forgescan.github.io/web/Precision%20Castparts%20Corp./Precision%20Castparts%20Corp..html,,,,,
Masco Corporation,masco.com,,,,,,,,,,,,,,,http://forgescan.github.io/web/Masco%20Corporation/Masco%20Corporation.html,,,,,
"Universal Health Services, Inc.",uhsinc.com,,,,,,,,,,,,,,,"http://forgescan.github.io/web/Universal%20Health%20Services,%20Inc./Universal%20Health%20Services,%20Inc..html",,,,,
"Republic Services, Inc.",republicservices.com,,,,,,,,,,,,,,,"http://forgescan.github.io/web/Republic%20Services,%20Inc./Republic%20Services,%20Inc..html",,,,,
MasterCard Incorporated,mastercard.com,,,,,,,,,,,,,,,http://forgescan.github.io/web/MasterCard%20Incorporated/MasterCard%20Incorporated.html,,,,,
Newmont Mining Corporation,newmont.com,,,,,,,,,,,,,,,http://forgescan.github.io/web/Newmont%20Mining%20Corporation/Newmont%20Mining%20Corporation.html,,,,,
Broadcom Corporation,broadcom.com,,,,,,,,,,,,,,,http://forgescan.github.io/web/Broadcom%20Corporation/Broadcom%20Corporation.html,,,,,
Reynolds American Inc.,reynoldsamerican.com,,,,,,,,,,,,,,,http://forgescan.github.io/web/Reynolds%20American%20Inc./Reynolds%20American%20Inc..html,,,,,
PVH Corp.,pvh.com,,,,,,,,,,,,,,,http://forgescan.github.io/web/PVH%20Corp./PVH%20Corp..html,,,,,
"Charter Communications, Inc.",charter.com,,,,,,,,,,,,,,,"http://forgescan.github.io/web/Charter%20Communications,%20Inc./Charter%20Communications,%20Inc..html",,,,,
AECOM Technology Corporation,aecom.com,,,,,,,,,,,,,,,http://forgescan.github.io/web/AECOM%20Technology%20Corporation/AECOM%20Technology%20Corporation.html,,,,,
"CenterPoint Energy, Inc.",centerpointenergy.com,,,,,,,,,,,,,,,"http://forgescan.github.io/web/CenterPoint%20Energy,%20Inc./CenterPoint%20Energy,%20Inc..html",,,,,
Pacific Life,pacificlife.com,,,,,,,,,,,,,,,http://forgescan.github.io/web/Pacific%20Life/Pacific%20Life.html,,,,,
Thrivent Financial for Lutherans,thrivent.com,,,,,,,,,,,,,,,http://forgescan.github.io/web/Thrivent%20Financial%20for%20Lutherans/Thrivent%20Financial%20for%20Lutherans.html,,,,,
"Becton, Dickinson and Company",bd.com,,,,,,,,,,,,,,,"http://forgescan.github.io/web/Becton,%20Dickinson%20and%20Company/Becton,%20Dickinson%20and%20Company.html",,,,,
"Franklin Resources, Inc.",franklinresources.com,,,,,,,,,,,,,,,"http://forgescan.github.io/web/Franklin%20Resources,%20Inc./Franklin%20Resources,%20Inc..html",,,,,
Tenneco Inc.,tenneco.com,,,,,,,,,,,,,,,http://forgescan.github.io/web/Tenneco%20Inc./Tenneco%20Inc..html,,,,,
TravelCenters of America LLC,tatravelcenters.com,,,,,,,,,,,,,,,http://forgescan.github.io/web/TravelCenters%20of%20America%20LLC/TravelCenters%20of%20America%20LLC.html,,,,,
"Avis Budget Group, Inc.",avisbudgetgroup.com,,,,,,,,,,,,,,,"http://forgescan.github.io/web/Avis%20Budget%20Group,%20Inc./Avis%20Budget%20Group,%20Inc..html",,,,,
"Facebook, Inc.",facebook.com,,,,,,,,,,,,,,,"http://forgescan.github.io/web/Facebook,%20Inc./Facebook,%20Inc..html",,,,,
"Dollar Tree, Inc.",dollartree.com,,,,,,,,,,,,,,,"http://forgescan.github.io/web/Dollar%20Tree,%20Inc./Dollar%20Tree,%20Inc..html",,,,,
Corning Incorporated,corning.com,,,,,,,,,,,,,,,http://forgescan.github.io/web/Corning%20Incorporated/Corning%20Incorporated.html,,,,,
Ashland Inc.,ashland.com,,,,,,,,,,,,,,,http://forgescan.github.io/web/Ashland%20Inc./Ashland%20Inc..html,,,,,
Sealed Air Corporation,sealedair.com,,,,,,,,,,,,,,,http://forgescan.github.io/web/Sealed%20Air%20Corporation/Sealed%20Air%20Corporation.html,,,,,
"Core-Mark Holding Company, Inc.",core-mark.com,,,,,,,,,,,,,,,"http://forgescan.github.io/web/Core-Mark%20Holding%20Company,%20Inc./Core-Mark%20Holding%20Company,%20Inc..html",,,,,
Oshkosh Corporation,oshkoshcorporation.com,,,,,,,,,,,,,,,http://forgescan.github.io/web/Oshkosh%20Corporation/Oshkosh%20Corporation.html,,,,,
"Coca-Cola Enterprises, Inc.",cokecce.com,,,,,,,,,,,,,,,"http://forgescan.github.io/web/Coca-Cola%20Enterprises,%20Inc./Coca-Cola%20Enterprises,%20Inc..html",,,,,
"WESCO International, Inc.",wesco.com,,,,,,,,,,,,,,,"http://forgescan.github.io/web/WESCO%20International,%20Inc./WESCO%20International,%20Inc..html",,,,,
"Applied Materials, Inc.",appliedmaterials.com,,,,,,,,,,,,,,,"http://forgescan.github.io/web/Applied%20Materials,%20Inc./Applied%20Materials,%20Inc..html",,,,,
Visteon Corporation,visteon.com,,,,,,,,,,,,,,,http://forgescan.github.io/web/Visteon%20Corporation/Visteon%20Corporation.html,,,,,
BorgWarner Inc.,borgwarner.com,,,,,,,,,,,,,,,http://forgescan.github.io/web/BorgWarner%20Inc./BorgWarner%20Inc..html,,,,,
"Spectrum Group International, Inc.",spectrumgi.com,,,,,,,,,,,,,,,"http://forgescan.github.io/web/Spectrum%20Group%20International,%20Inc./Spectrum%20Group%20International,%20Inc..html",,,,,
"Oaktree Capital Group, LLC",oaktreecapital.com,,,,,,,,,,,,,,,"http://forgescan.github.io/web/Oaktree%20Capital%20Group,%20LLC/Oaktree%20Capital%20Group,%20LLC.html",,,,,
"Steel Dynamics, Inc.",steeldynamics.com,,,,,,,,,,,,,,,"http://forgescan.github.io/web/Steel%20Dynamics,%20Inc./Steel%20Dynamics,%20Inc..html",,,,,
Jarden Corporation,jarden.com,,,,,,,,,,,,,,,http://forgescan.github.io/web/Jarden%20Corporation/Jarden%20Corporation.html,,,,,
"Mohawk Industries, Inc.",mohawkind.com,,,,,,,,,,,,,,,"http://forgescan.github.io/web/Mohawk%20Industries,%20Inc./Mohawk%20Industries,%20Inc..html",,,,,
Terex Corporation,terex.com,,,,,,,,,,,,,,,http://forgescan.github.io/web/Terex%20Corporation/Terex%20Corporation.html,,,,,
Northeast Utilities,nu.com,,,,,,,,,,,,,,,http://forgescan.github.io/web/Northeast%20Utilities/Northeast%20Utilities.html,,,,,
"KBR, Inc.",kbr.com,,,,,,,,,,,,,,,"http://forgescan.github.io/web/KBR,%20Inc./KBR,%20Inc..html",,,,,
Fifth Third Bancorp,53.com,,,,,,,,,,,,,,,http://forgescan.github.io/web/Fifth%20Third%20Bancorp/Fifth%20Third%20Bancorp.html,,,,,
UGI Corporation,ugicorp.com,,,,,,,,,,,,,,,http://forgescan.github.io/web/UGI%20Corporation/UGI%20Corporation.html,,,,,
"CBRE Group, Inc.",cbre.com,,,,,,,,,,,,,,,"http://forgescan.github.io/web/CBRE%20Group,%20Inc./CBRE%20Group,%20Inc..html",,,,,
Quest Diagnostics Incorporated,questdiagnostics.com,,,,,,,,,,,,,,,http://forgescan.github.io/web/Quest%20Diagnostics%20Incorporated/Quest%20Diagnostics%20Incorporated.html,,,,,
Peabody Energy Corporation,peabodyenergy.com,,,,,,,,,,,,,,,http://forgescan.github.io/web/Peabody%20Energy%20Corporation/Peabody%20Energy%20Corporation.html,,,,,
The Hershey Company,thehersheycompany.com,,,,,,,,,,,,,,,http://forgescan.github.io/web/The%20Hershey%20Company/The%20Hershey%20Company.html,,,,,
Boston Scientific Corporation,bostonscientific.com,,,,,,,,,,,,,,,http://forgescan.github.io/web/Boston%20Scientific%20Corporation/Boston%20Scientific%20Corporation.html,,,,,
"FMC Technologies, Inc.",fmctechnologies.com,,,,,,,,,,,,,,,"http://forgescan.github.io/web/FMC%20Technologies,%20Inc./FMC%20Technologies,%20Inc..html",,,,,
"The Interpublic Group of Companies, Inc.",interpublic.com,,,,,,,,,,,,,,,"http://forgescan.github.io/web/The%20Interpublic%20Group%20of%20Companies,%20Inc./The%20Interpublic%20Group%20of%20Companies,%20Inc..html",,,,,
Commercial Metals Company,cmc.com,,,,,,,,,,,,,,,http://forgescan.github.io/web/Commercial%20Metals%20Company/Commercial%20Metals%20Company.html,,,,,
"The Pantry, Inc.",thepantry.com,,,,,,,,,,,,,,,"http://forgescan.github.io/web/The%20Pantry,%20Inc./The%20Pantry,%20Inc..html",,,,,
"Owens-Illinois, Inc.",o-i.com,,,,,,,,,,,,,,,"http://forgescan.github.io/web/Owens-Illinois,%20Inc./Owens-Illinois,%20Inc..html",,,,,
American Family Ins. Group,amfam.com,,,,,,,,,,,,,,,http://forgescan.github.io/web/American%20Family%20Ins.%20Group/American%20Family%20Ins.%20Group.html,,,,,
Ralph Lauren Corporation,ralphlauren.com,,,,,,,,,,,,,,,http://forgescan.github.io/web/Ralph%20Lauren%20Corporation/Ralph%20Lauren%20Corporation.html,,,,,
Biogen Idec Inc.,biogenidec.com,,,,,,,,,,,,,,,http://forgescan.github.io/web/Biogen%20Idec%20Inc./Biogen%20Idec%20Inc..html,,,,,
"PetSmart, Inc.",petm.com,,,,,,,,,,,,,,,"http://forgescan.github.io/web/PetSmart,%20Inc./PetSmart,%20Inc..html",,,,,
Mylan Inc.,mylan.com,,,,,,,,,,,,,,,http://forgescan.github.io/web/Mylan%20Inc./Mylan%20Inc..html,,,,,
Symantec Corporation,symantec.com,,,,,,,,,,,,,,,http://forgescan.github.io/web/Symantec%20Corporation/Symantec%20Corporation.html,,,,,
Ameren Corporation,ameren.com,,,,,,,,,,,,,,,http://forgescan.github.io/web/Ameren%20Corporation/Ameren%20Corporation.html,,,,,
"The Williams Companies, Inc.",williams.com,,,,,,,,,,,,,,,"http://forgescan.github.io/web/The%20Williams%20Companies,%20Inc./The%20Williams%20Companies,%20Inc..html",,,,,
"Barnes & Noble, Inc.",barnesandnobleinc.com,,,,,,,,,,,,,,,"http://forgescan.github.io/web/Barnes%20&%20Noble,%20Inc./Barnes%20&%20Noble,%20Inc..html",,,,,
"Huntington Ingalls Industries, Inc.",huntingtoningalls.com,,,,,,,,,,,,,,,"http://forgescan.github.io/web/Huntington%20Ingalls%20Industries,%20Inc./Huntington%20Ingalls%20Industries,%20Inc..html",,,,,
The Priceline Group Inc.,pricelinegroup.com,,,,,,,,,,,,,,,http://forgescan.github.io/web/The%20Priceline%20Group%20Inc./The%20Priceline%20Group%20Inc..html,,,,,
"Agilent Technologies, Inc.",agilent.com,,,,,,,,,,,,,,,"http://forgescan.github.io/web/Agilent%20Technologies,%20Inc./Agilent%20Technologies,%20Inc..html",,,,,
Dana Holding Corporation,dana.com,,,,,,,,,,,,,,,http://forgescan.github.io/web/Dana%20Holding%20Corporation/Dana%20Holding%20Corporation.html,,,,,
"Dillard's, Inc.",dillards.com,,,,,,,,,,,,,,,"http://forgescan.github.io/web/Dillard's,%20Inc./Dillard's,%20Inc..html",,,,,
Seaboard Corporation,seaboardcorp.com,,,,,,,,,,,,,,,http://forgescan.github.io/web/Seaboard%20Corporation/Seaboard%20Corporation.html,,,,,
"Vanguard Health Systems, Inc.",tenethealth.com,,,,,,,,,,,,,,,"http://forgescan.github.io/web/Vanguard%20Health%20Systems,%20Inc./Vanguard%20Health%20Systems,%20Inc..html",,,,,
"Casey's General Stores, Inc.",caseys.com,,,,,,,,,,,,,,,"http://forgescan.github.io/web/Casey's%20General%20Stores,%20Inc./Casey's%20General%20Stores,%20Inc..html",,,,,
"O'Reilly Automotive, Inc.",oreillyauto.com,,,,,,,,,,,,,,,"http://forgescan.github.io/web/O'Reilly%20Automotive,%20Inc./O'Reilly%20Automotive,%20Inc..html",,,,,
The Blackstone Group L.P.,blackstone.com,,,,,,,,,,,,,,,http://forgescan.github.io/web/The%20Blackstone%20Group%20L.P./The%20Blackstone%20Group%20L.P..html,,,,,
Mutual of Omaha Insurance Company,mutualofomaha.com,,,,,,,,,,,,,,,http://forgescan.github.io/web/Mutual%20of%20Omaha%20Insurance%20Company/Mutual%20of%20Omaha%20Insurance%20Company.html,,,,,
"Molina Healthcare, Inc.",molinahealthcare.com,,,,,,,,,,,,,,,"http://forgescan.github.io/web/Molina%20Healthcare,%20Inc./Molina%20Healthcare,%20Inc..html",,,,,
CMS Energy Corporation,cmsenergy.com,,,,,,,,,,,,,,,http://forgescan.github.io/web/CMS%20Energy%20Corporation/CMS%20Energy%20Corporation.html,,,,,
Targa Resources Corp.,targaresources.com,,,,,,,,,,,,,,,http://forgescan.github.io/web/Targa%20Resources%20Corp./Targa%20Resources%20Corp..html,,,,,
"Quanta Services, Inc.",quantaservices.com,,,,,,,,,,,,,,,"http://forgescan.github.io/web/Quanta%20Services,%20Inc./Quanta%20Services,%20Inc..html",,,,,
Cablevision Systems Corporation,cablevision.com,,,,,,,,,,,,,,,http://forgescan.github.io/web/Cablevision%20Systems%20Corporation/Cablevision%20Systems%20Corporation.html,,,,,
Avery Dennison Corporation,averydennison.com,,,,,,,,,,,,,,,http://forgescan.github.io/web/Avery%20Dennison%20Corporation/Avery%20Dennison%20Corporation.html,,,,,
Celanese Corporation,celanese.com,,,,,,,,,,,,,,,http://forgescan.github.io/web/Celanese%20Corporation/Celanese%20Corporation.html,,,,,
"Foot Locker, Inc.",footlocker-inc.com,,,,,,,,,,,,,,,"http://forgescan.github.io/web/Foot%20Locker,%20Inc./Foot%20Locker,%20Inc..html",,,,,
Celgene Corporation,celgene.com,,,,,,,,,,,,,,,http://forgescan.github.io/web/Celgene%20Corporation/Celgene%20Corporation.html,,,,,
"Advance Auto Parts, Inc.",advanceautoparts.com,,,,,,,,,,,,,,,"http://forgescan.github.io/web/Advance%20Auto%20Parts,%20Inc./Advance%20Auto%20Parts,%20Inc..html",,,,,
"Mattel, Inc.",mattel.com,,,,,,,,,,,,,,,"http://forgescan.github.io/web/Mattel,%20Inc./Mattel,%20Inc..html",,,,,
"Live Nation Entertainment, Inc.",livenation.com,,,,,,,,,,,,,,,"http://forgescan.github.io/web/Live%20Nation%20Entertainment,%20Inc./Live%20Nation%20Entertainment,%20Inc..html",,,,,
General Cable Corporation,generalcable.com,,,,,,,,,,,,,,,http://forgescan.github.io/web/General%20Cable%20Corporation/General%20Cable%20Corporation.html,,,,,
"Ryder System, Inc.",ryder.com,,,,,,,,,,,,,,,"http://forgescan.github.io/web/Ryder%20System,%20Inc./Ryder%20System,%20Inc..html",,,,,
"EMCOR Group, Inc.",emcorgroup.com,,,,,,,,,,,,,,,"http://forgescan.github.io/web/EMCOR%20Group,%20Inc./EMCOR%20Group,%20Inc..html",,,,,
"Allergan, Inc.",allergan.com,,,,,,,,,,,,,,,"http://forgescan.github.io/web/Allergan,%20Inc./Allergan,%20Inc..html",,,,,
W.R. Berkley Corporation,wrberkley.com,,,,,,,,,,,,,,,http://forgescan.github.io/web/W.R.%20Berkley%20Corporation/W.R.%20Berkley%20Corporation.html,,,,,
"Rockwell Automation, Inc.",rockwellautomation.com,,,,,,,,,,,,,,,"http://forgescan.github.io/web/Rockwell%20Automation,%20Inc./Rockwell%20Automation,%20Inc..html",,,,,
"NetApp, Inc.",netapp.com,,,,,,,,,,,,,,,"http://forgescan.github.io/web/NetApp,%20Inc./NetApp,%20Inc..html",,,,,
Ingredion Incorporated,ingredion.com,,,,,,,,,,,,,,,http://forgescan.github.io/web/Ingredion%20Incorporated/Ingredion%20Incorporated.html,,,,,
"Level 3 Communications, Inc.",level3.com,,,,,,,,,,,,,,,"http://forgescan.github.io/web/Level%203%20Communications,%20Inc./Level%203%20Communications,%20Inc..html",,,,,
Calpine Corporation,calpine.com,,,,,,,,,,,,,,,http://forgescan.github.io/web/Calpine%20Corporation/Calpine%20Corporation.html,,,,,
"Omnicare, Inc.",omnicare.com,,,,,,,,,,,,,,,"http://forgescan.github.io/web/Omnicare,%20Inc./Omnicare,%20Inc..html",,,,,
Erie Insurance Group,erieinsurance.com,,,,,,,,,,,,,,,http://forgescan.github.io/web/Erie%20Insurance%20Group/Erie%20Insurance%20Group.html,,,,,
SLM Corporation,salliemae.com,,,,,,,,,,,,,,,http://forgescan.github.io/web/SLM%20Corporation/SLM%20Corporation.html,,,,,
"D.R. Horton, Inc.",drhorton.com,,,,,,,,,,,,,,,"http://forgescan.github.io/web/D.R.%20Horton,%20Inc./D.R.%20Horton,%20Inc..html",,,,,
"CC Media Holdings, Inc.",clearchannel.com,,,,,,,,,,,,,,,"http://forgescan.github.io/web/CC%20Media%20Holdings,%20Inc./CC%20Media%20Holdings,%20Inc..html",,,,,
Anixter International Inc.,anixter.com,,,,,,,,,,,,,,,http://forgescan.github.io/web/Anixter%20International%20Inc./Anixter%20International%20Inc..html,,,,,
"Dick's Sporting Goods, Inc.",dickssportinggoods.com,,,,,,,,,,,,,,,"http://forgescan.github.io/web/Dick's%20Sporting%20Goods,%20Inc./Dick's%20Sporting%20Goods,%20Inc..html",,,,,
SanDisk Corporation,sandisk.com,,,,,,,,,,,,,,,http://forgescan.github.io/web/SanDisk%20Corporation/SanDisk%20Corporation.html,,,,,
NCR Corporation,ncr.com,,,,,,,,,,,,,,,http://forgescan.github.io/web/NCR%20Corporation/NCR%20Corporation.html,,,,,
"Starwood Hotels & Resorts Worldwide, Inc.",starwoodhotels.com,,,,,,,,,,,,,,,"http://forgescan.github.io/web/Starwood%20Hotels%20&%20Resorts%20Worldwide,%20Inc./Starwood%20Hotels%20&%20Resorts%20Worldwide,%20Inc..html",,,,,
"Expeditors International of Washington, Inc.",expeditors.com,,,,,,,,,,,,,,,"http://forgescan.github.io/web/Expeditors%20International%20of%20Washington,%20Inc./Expeditors%20International%20of%20Washington,%20Inc..html",,,,,
"Fidelity National Information Services, Inc.",fisglobal.com,,,,,,,,,,,,,,,"http://forgescan.github.io/web/Fidelity%20National%20Information%20Services,%20Inc./Fidelity%20National%20Information%20Services,%20Inc..html",,,,,
"United Natural Foods, Inc.",unfi.com,,,,,,,,,,,,,,,"http://forgescan.github.io/web/United%20Natural%20Foods,%20Inc./United%20Natural%20Foods,%20Inc..html",,,,,
Auto-Owners Insurance Group,auto-owners.com,,,,,,,,,,,,,,,http://forgescan.github.io/web/Auto-Owners%20Insurance%20Group/Auto-Owners%20Insurance%20Group.html,,,,,
"Windstream Holdings, Inc.",windstream.com,,,,,,,,,,,,,,,"http://forgescan.github.io/web/Windstream%20Holdings,%20Inc./Windstream%20Holdings,%20Inc..html",,,,,
"Dr Pepper Snapple Group, Inc.",drpeppersnapplegroup.com,,,,,,,,,,,,,,,"http://forgescan.github.io/web/Dr%20Pepper%20Snapple%20Group,%20Inc./Dr%20Pepper%20Snapple%20Group,%20Inc..html",,,,,
Lennar Corporation,lennar.com,,,,,,,,,,,,,,,http://forgescan.github.io/web/Lennar%20Corporation/Lennar%20Corporation.html,,,,,
Sanmina,sanmina.com,,,,,,,,,,,,,,,http://forgescan.github.io/web/Sanmina/Sanmina.html,,,,,
"Harley-Davidson, Inc.",harley-davidson.com,,,,,,,,,,,,,,,"http://forgescan.github.io/web/Harley-Davidson,%20Inc./Harley-Davidson,%20Inc..html",,,,,
CONSOL Energy Inc.,consolenergy.com,,,,,,,,,,,,,,,http://forgescan.github.io/web/CONSOL%20Energy%20Inc./CONSOL%20Energy%20Inc..html,,,,,
The J.M. Smucker Company,smucker.com,,,,,,,,,,,,,,,http://forgescan.github.io/web/The%20J.M.%20Smucker%20Company/The%20J.M.%20Smucker%20Company.html,,,,,
Newell Rubbermaid Inc.,newellrubbermaid.com,,,,,,,,,,,,,,,http://forgescan.github.io/web/Newell%20Rubbermaid%20Inc./Newell%20Rubbermaid%20Inc..html,,,,,
"CH2M HILL Companies, Ltd.",ch2m.com,,,,,,,,,,,,,,,"http://forgescan.github.io/web/CH2M%20HILL%20Companies,%20Ltd./CH2M%20HILL%20Companies,%20Ltd..html",,,,,
Energy Future Holdings Corp.,energyfutureholdings.com,,,,,,,,,,,,,,,http://forgescan.github.io/web/Energy%20Future%20Holdings%20Corp./Energy%20Future%20Holdings%20Corp..html,,,,,
Susser Holdings Corporation,susser.com,,,,,,,,,,,,,,,http://forgescan.github.io/web/Susser%20Holdings%20Corporation/Susser%20Holdings%20Corporation.html,,,,,
Laboratory Corporation of America Holdings,labcorp.com,,,,,,,,,,,,,,,http://forgescan.github.io/web/Laboratory%20Corporation%20of%20America%20Holdings/Laboratory%20Corporation%20of%20America%20Holdings.html,,,,,
"Kindred Healthcare, Inc.",kindredhealthcare.com,,,,,,,,,,,,,,,"http://forgescan.github.io/web/Kindred%20Healthcare,%20Inc./Kindred%20Healthcare,%20Inc..html",,,,,
Leidos Holdings Inc.,leidos.com,,,,,,,,,,,,,,,http://forgescan.github.io/web/Leidos%20Holdings%20Inc./Leidos%20Holdings%20Inc..html,,,,,
Booz Allen Hamilton Holding Corp.,boozallen.com,,,,,,,,,,,,,,,http://forgescan.github.io/web/Booz%20Allen%20Hamilton%20Holding%20Corp./Booz%20Allen%20Hamilton%20Holding%20Corp..html,,,,,
"The Jones Financial Companies,L.L.L.P.",edwardjones.com,,,,,,,,,,,,,,,"http://forgescan.github.io/web/The%20Jones%20Financial%20Companies,L.L.L.P./The%20Jones%20Financial%20Companies,L.L.L.P..html",,,,,
Cliffs Natural Resources Inc.,cliffsnaturalresources.com,,,,,,,,,,,,,,,http://forgescan.github.io/web/Cliffs%20Natural%20Resources%20Inc./Cliffs%20Natural%20Resources%20Inc..html,,,,,
"PulteGroup, Inc.",pultegroupinc.com,,,,,,,,,,,,,,,"http://forgescan.github.io/web/PulteGroup,%20Inc./PulteGroup,%20Inc..html",,,,,
Regions Financial Corporation,regions.com,,,,,,,,,,,,,,,http://forgescan.github.io/web/Regions%20Financial%20Corporation/Regions%20Financial%20Corporation.html,,,,,
NiSource Inc.,nisource.com,,,,,,,,,,,,,,,http://forgescan.github.io/web/NiSource%20Inc./NiSource%20Inc..html,,,,,
"Graybar Electric Company, Inc.",graybar.com,,,,,,,,,,,,,,,"http://forgescan.github.io/web/Graybar%20Electric%20Company,%20Inc./Graybar%20Electric%20Company,%20Inc..html",,,,,
"Integrys Energy Group, Inc.",integrysgroup.com,,,,,,,,,,,,,,,"http://forgescan.github.io/web/Integrys%20Energy%20Group,%20Inc./Integrys%20Energy%20Group,%20Inc..html",,,,,
The Clorox Company,thecloroxcompany.com,,,,,,,,,,,,,,,http://forgescan.github.io/web/The%20Clorox%20Company/The%20Clorox%20Company.html,,,,,
"Wynn Resorts, Limited",wynnresorts.com,,,,,,,,,,,,,,,"http://forgescan.github.io/web/Wynn%20Resorts,%20Limited/Wynn%20Resorts,%20Limited.html",,,,,
"The Andersons, Inc.",andersonsinc.com,,,,,,,,,,,,,,,"http://forgescan.github.io/web/The%20Andersons,%20Inc./The%20Andersons,%20Inc..html",,,,,
"J.B. Hunt Transport Services, Inc.",jbhunt.com,,,,,,,,,,,,,,,"http://forgescan.github.io/web/J.B.%20Hunt%20Transport%20Services,%20Inc./J.B.%20Hunt%20Transport%20Services,%20Inc..html",,,,,
AK Steel Holding Corporation,aksteel.com,,,,,,,,,,,,,,,http://forgescan.github.io/web/AK%20Steel%20Holding%20Corporation/AK%20Steel%20Holding%20Corporation.html,,,,,
Harbinger Group Inc.,harbingergroupinc.com,,,,,,,,,,,,,,,http://forgescan.github.io/web/Harbinger%20Group%20Inc./Harbinger%20Group%20Inc..html,,,,,
MeadWestvaco Corporation,mwv.com,,,,,,,,,,,,,,,http://forgescan.github.io/web/MeadWestvaco%20Corporation/MeadWestvaco%20Corporation.html,,,,,
The Western Union Company,westernunion.com,,,,,,,,,,,,,,,http://forgescan.github.io/web/The%20Western%20Union%20Company/The%20Western%20Union%20Company.html,,,,,
The Charles Schwab Corporation,aboutschwab.com,,,,,,,,,,,,,,,http://forgescan.github.io/web/The%20Charles%20Schwab%20Corporation/The%20Charles%20Schwab%20Corporation.html,,,,,
"Discovery Communications, Inc.",discoverycommunications.com,,,,,,,,,,,,,,,"http://forgescan.github.io/web/Discovery%20Communications,%20Inc./Discovery%20Communications,%20Inc..html",,,,,
Spectra Energy Corp,spectraenergy.com,,,,,,,,,,,,,,,http://forgescan.github.io/web/Spectra%20Energy%20Corp/Spectra%20Energy%20Corp.html,,,,,
"St. Jude Medical, Inc.",sjm.com,,,,,,,,,,,,,,,"http://forgescan.github.io/web/St.%20Jude%20Medical,%20Inc./St.%20Jude%20Medical,%20Inc..html",,,,,
"CF Industries Holdings, Inc.",cfindustries.com,,,,,,,,,,,,,,,"http://forgescan.github.io/web/CF%20Industries%20Holdings,%20Inc./CF%20Industries%20Holdings,%20Inc..html",,,,,
Con-way Inc.,con-way.com,,,,,,,,,,,,,,,http://forgescan.github.io/web/Con-way%20Inc./Con-way%20Inc..html,,,,,
Old Republic International Corporation,oldrepublic.com,,,,,,,,,,,,,,,http://forgescan.github.io/web/Old%20Republic%20International%20Corporation/Old%20Republic%20International%20Corporation.html,,,,,
JetBlue Airways Corporation,jetblue.com,,,,,,,,,,,,,,,http://forgescan.github.io/web/JetBlue%20Airways%20Corporation/JetBlue%20Airways%20Corporation.html,,,,,
"Calumet Specialty Products Partners, L.P.",calumetspecialty.com,,,,,,,,,,,,,,,"http://forgescan.github.io/web/Calumet%20Specialty%20Products%20Partners,%20L.P./Calumet%20Specialty%20Products%20Partners,%20L.P..html",,,,,
"Kelly Services, Inc.",kellyservices.com,,,,,,,,,,,,,,,"http://forgescan.github.io/web/Kelly%20Services,%20Inc./Kelly%20Services,%20Inc..html",,,,,
Domtar Corporation,domtar.com,,,,,,,,,,,,,,,http://forgescan.github.io/web/Domtar%20Corporation/Domtar%20Corporation.html,,,,,
Murphy Oil Corporation,murphyoilcorp.com,,,,,,,,,,,,,,,http://forgescan.github.io/web/Murphy%20Oil%20Corporation/Murphy%20Oil%20Corporation.html,,,,,
Harris Corporation,harris.com,,,,,,,,,,,,,,,http://forgescan.github.io/web/Harris%20Corporation/Harris%20Corporation.html,,,,,
"Asbury Automotive Group, Inc.",asburyauto.com,,,,,,,,,,,,,,,"http://forgescan.github.io/web/Asbury%20Automotive%20Group,%20Inc./Asbury%20Automotive%20Group,%20Inc..html",,,,,
"Big Lots, Inc.",biglots.com,,,,,,,,,,,,,,,"http://forgescan.github.io/web/Big%20Lots,%20Inc./Big%20Lots,%20Inc..html",,,,,
"Advanced Micro Devices, Inc.",amd.com,,,,,,,,,,,,,,,"http://forgescan.github.io/web/Advanced%20Micro%20Devices,%20Inc./Advanced%20Micro%20Devices,%20Inc..html",,,,,
Owens Corning,owenscorning.com,,,,,,,,,,,,,,,http://forgescan.github.io/web/Owens%20Corning/Owens%20Corning.html,,,,,
Realogy Holdings Corp.,realogy.com,,,,,,,,,,,,,,,http://forgescan.github.io/web/Realogy%20Holdings%20Corp./Realogy%20Holdings%20Corp..html,,,,,
"Host Hotels & Resorts, Inc.",hosthotels.com,,,,,,,,,,,,,,,"http://forgescan.github.io/web/Host%20Hotels%20&%20Resorts,%20Inc./Host%20Hotels%20&%20Resorts,%20Inc..html",,,,,
MRC Global Inc.,mrcglobal.com,,,,,,,,,,,,,,,http://forgescan.github.io/web/MRC%20Global%20Inc./MRC%20Global%20Inc..html,,,,,
"Simon Property Group, Inc.",simon.com,,,,,,,,,,,,,,,"http://forgescan.github.io/web/Simon%20Property%20Group,%20Inc./Simon%20Property%20Group,%20Inc..html",,,,,
Tractor Supply Company,tractorsupply.com,,,,,,,,,,,,,,,http://forgescan.github.io/web/Tractor%20Supply%20Company/Tractor%20Supply%20Company.html,,,,,
"Gannett Co., Inc.",gannett.com,,,,,,,,,,,,,,,"http://forgescan.github.io/web/Gannett%20Co.,%20Inc./Gannett%20Co.,%20Inc..html",,,,,
"Alaska Air Group, Inc.",alaskaair.com,,,,,,,,,,,,,,,"http://forgescan.github.io/web/Alaska%20Air%20Group,%20Inc./Alaska%20Air%20Group,%20Inc..html",,,,,
"Insight Enterprises, Inc.",insight.com,,,,,,,,,,,,,,,"http://forgescan.github.io/web/Insight%20Enterprises,%20Inc./Insight%20Enterprises,%20Inc..html",,,,,
"McGraw Hill Financial, Inc.",mhfi.com,,,,,,,,,,,,,,,"http://forgescan.github.io/web/McGraw%20Hill%20Financial,%20Inc./McGraw%20Hill%20Financial,%20Inc..html",,,,,
"Buckeye Partners, L.P.",buckeye.com,,,,,,,,,,,,,,,"http://forgescan.github.io/web/Buckeye%20Partners,%20L.P./Buckeye%20Partners,%20L.P..html",,,,,
Quintiles Transnational Holdings Inc.,quintiles.com,,,,,,,,,,,,,,,http://forgescan.github.io/web/Quintiles%20Transnational%20Holdings%20Inc./Quintiles%20Transnational%20Holdings%20Inc..html,,,,,
"American Financial Group, Inc.",afginc.com,,,,,,,,,,,,,,,"http://forgescan.github.io/web/American%20Financial%20Group,%20Inc./American%20Financial%20Group,%20Inc..html",,,,,
United Stationers Inc.,unitedstationers.com,,,,,,,,,,,,,,,http://forgescan.github.io/web/United%20Stationers%20Inc./United%20Stationers%20Inc..html,,,,,
"Coach, Inc.",coach.com,,,,,,,,,,,,,,,"http://forgescan.github.io/web/Coach,%20Inc./Coach,%20Inc..html",,,,,
LKQ Corporation,lkqcorp.com,,,,,,,,,,,,,,,http://forgescan.github.io/web/LKQ%20Corporation/LKQ%20Corporation.html,,,,,
"Noble Energy, Inc.",nobleenergyinc.com,,,,,,,,,,,,,,,"http://forgescan.github.io/web/Noble%20Energy,%20Inc./Noble%20Energy,%20Inc..html",,,,,
"Bemis Company, Inc.",bemis.com,,,,,,,,,,,,,,,"http://forgescan.github.io/web/Bemis%20Company,%20Inc./Bemis%20Company,%20Inc..html",,,,,
Joy Global Inc.,joyglobal.com,,,,,,,,,,,,,,,http://forgescan.github.io/web/Joy%20Global%20Inc./Joy%20Global%20Inc..html,,,,,
Wyndham Worldwide Corporation,wyndhamworldwide.com,,,,,,,,,,,,,,,http://forgescan.github.io/web/Wyndham%20Worldwide%20Corporation/Wyndham%20Worldwide%20Corporation.html,,,,,
"NII Holdings, Inc.",nii.com,,,,,,,,,,,,,,,"http://forgescan.github.io/web/NII%20Holdings,%20Inc./NII%20Holdings,%20Inc..html",,,,,
"Lorillard, Inc.",lorillard.com,,,,,,,,,,,,,,,"http://forgescan.github.io/web/Lorillard,%20Inc./Lorillard,%20Inc..html",,,,,
Alleghany Corporation,alleghany.com,,,,,,,,,,,,,,,http://forgescan.github.io/web/Alleghany%20Corporation/Alleghany%20Corporation.html,,,,,
"Airgas, Inc.",airgas.com,,,,,,,,,,,,,,,"http://forgescan.github.io/web/Airgas,%20Inc./Airgas,%20Inc..html",,,,,
First American Financial Corporation,firstam.com,,,,,,,,,,,,,,,http://forgescan.github.io/web/First%20American%20Financial%20Corporation/First%20American%20Financial%20Corporation.html,,,,,
"United Rentals, Inc.",ur.com,,,,,,,,,,,,,,,"http://forgescan.github.io/web/United%20Rentals,%20Inc./United%20Rentals,%20Inc..html",,,,,
,,,,,,,,,,,,,,,,,,,,,
,,,,,,,,,,,,,,,,http://forgescan.github.io/web//.html,,,,,
,,,,,,,,,,,,,,,,http://forgescan.github.io/web//.html,,,,,
,,,,,,,,,,,,,,,,http://forgescan.github.io/web//.html,,,,,
,,,,,,,,,,,,,,,,http://forgescan.github.io/web//.html,,,,,
,,,,,,,,,,,,,,,,http://forgescan.github.io/web//.html,,,,,
,,,,,,,,,,,,,,,,http://forgescan.github.io/web//.html,,,,,
,,,,,,,,,,,,,,,,http://forgescan.github.io/web//.html,,,,,
,,,,,,,,,,,,,,,,http://forgescan.github.io/web//.html,,,,,
,,,,,,,,,,,,,,,,http://forgescan.github.io/web//.html,,,,,
,,,,,,,,,,,,,,,,http://forgescan.github.io/web//.html,,,,,
,,,,,,,,,,,,,,,,http://forgescan.github.io/web//.html,,,,,
,,,,,,,,,,,,,,,,http://forgescan.github.io/web//.html,,,,,
,,,,,,,,,,,,,,,,http://forgescan.github.io/web//.html,,,,,
,,,,,,,,,,,,,,,,http://forgescan.github.io/web//.html,,,,,
,,,,,,,,,,,,,,,,http://forgescan.github.io/web//.html,,,,,
,,,,,,,,,,,,,,,,http://forgescan.github.io/web//.html,,,,,
,,,,,,,,,,,,,,,,http://forgescan.github.io/web//.html,,,,,
,,,,,,,,,,,,,,,,http://forgescan.github.io/web//.html,,,,,
,,,,,,,,,,,,,,,,http://forgescan.github.io/web//.html,,,,,
,,,,,,,,,,,,,,,,http://forgescan.github.io/web//.html,,,,,
,,,,,,,,,,,,,,,,http://forgescan.github.io/web//.html,,,,,
,,,,,,,,,,,,,,,,http://forgescan.github.io/web//.html,,,,,
,,,,,,,,,,,,,,,,http://forgescan.github.io/web//.html,,,,,
,,,,,,,,,,,,,,,,http://forgescan.github.io/web//.html,,,,,
,,,,,,,,,,,,,,,,http://forgescan.github.io/web//.html,,,,,
,,,,,,,,,,,,,,,,http://forgescan.github.io/web//.html,,,,,
,,,,,,,,,,,,,,,,http://forgescan.github.io/web//.html,,,,,
,,,,,,,,,,,,,,,,http://forgescan.github.io/web//.html,,,,,
,,,,,,,,,,,,,,,,http://forgescan.github.io/web//.html,,,,,
,,,,,,,,,,,,,,,,http://forgescan.github.io/web//.html,,,,,
,,,,,,,,,,,,,,,,http://forgescan.github.io/web//.html,,,,,
,,,,,,,,,,,,,,,,http://forgescan.github.io/web//.html,,,,,
,,,,,,,,,,,,,,,,http://forgescan.github.io/web//.html,,,,,
,,,,,,,,,,,,,,,,http://forgescan.github.io/web//.html,,,,,
,,,,,,,,,,,,,,,,http://forgescan.github.io/web//.html,,,,,
,,,,,,,,,,,,,,,,http://forgescan.github.io/web//.html,,,,,
,,,,,,,,,,,,,,,,http://forgescan.github.io/web//.html,,,,,
,,,,,,,,,,,,,,,,http://forgescan.github.io/web//.html,,,,,
,,,,,,,,,,,,,,,,http://forgescan.github.io/web//.html,,,,,
,,,,,,,,,,,,,,,,http://forgescan.github.io/web//.html,,,,,
,,,,,,,,,,,,,,,,http://forgescan.github.io/web//.html,,,,,
,,,,,,,,,,,,,,,,http://forgescan.github.io/web//.html,,,,,
,,,,,,,,,,,,,,,,http://forgescan.github.io/web//.html,,,,,
,,,,,,,,,,,,,,,,http://forgescan.github.io/web//.html,,,,,
,,,,,,,,,,,,,,,,http://forgescan.github.io/web//.html,,,,,
,,,,,,,,,,,,,,,,http://forgescan.github.io/web//.html,,,,,
,,,,,,,,,,,,,,,,http://forgescan.github.io/web//.html,,,,,
,,,,,,,,,,,,,,,,http://forgescan.github.io/web//.html,,,,,
,,,,,,,,,,,,,,,,http://forgescan.github.io/web//.html,,,,,
,,,,,,,,,,,,,,,,http://forgescan.github.io/web//.html,,,,,
,,,,,,,,,,,,,,,,http://forgescan.github.io/web//.html,,,,,
,,,,,,,,,,,,,,,,http://forgescan.github.io/web//.html,,,,,
,,,,,,,,,,,,,,,,http://forgescan.github.io/web//.html,,,,,
,,,,,,,,,,,,,,,,http://forgescan.github.io/web//.html,,,,,
,,,,,,,,,,,,,,,,http://forgescan.github.io/web//.html,,,,,
,,,,,,,,,,,,,,,,http://forgescan.github.io/web//.html,,,,,
,,,,,,,,,,,,,,,,http://forgescan.github.io/web//.html,,,,,
,,,,,,,,,,,,,,,,http://forgescan.github.io/web//.html,,,,,
,,,,,,,,,,,,,,,,http://forgescan.github.io/web//.html,,,,,
,,,,,,,,,,,,,,,,http://forgescan.github.io/web//.html,,,,,
,,,,,,,,,,,,,,,,http://forgescan.github.io/web//.html,,,,,
,,,,,,,,,,,,,,,,http://forgescan.github.io/web//.html,,,,,
,,,,,,,,,,,,,,,,http://forgescan.github.io/web//.html,,,,,
,,,,,,,,,,,,,,,,http://forgescan.github.io/web//.html,,,,,
,,,,,,,,,,,,,,,,http://forgescan.github.io/web//.html,,,,,
,,,,,,,,,,,,,,,,http://forgescan.github.io/web//.html,,,,,
,,,,,,,,,,,,,,,,http://forgescan.github.io/web//.html,,,,,
,,,,,,,,,,,,,,,,http://forgescan.github.io/web//.html,,,,,
,,,,,,,,,,,,,,,,http://forgescan.github.io/web//.html,,,,,
,,,,,,,,,,,,,,,,http://forgescan.github.io/web//.html,,,,,
,,,,,,,,,,,,,,,,http://forgescan.github.io/web//.html,,,,,
,,,,,,,,,,,,,,,,http://forgescan.github.io/web//.html,,,,,
,,,,,,,,,,,,,,,,http://forgescan.github.io/web//.html,,,,,
,,,,,,,,,,,,,,,,http://forgescan.github.io/web//.html,,,,,
,,,,,,,,,,,,,,,,http://forgescan.github.io/web//.html,,,,,
,,,,,,,,,,,,,,,,http://forgescan.github.io/web//.html,,,,,
,,,,,,,,,,,,,,,,http://forgescan.github.io/web//.html,,,,,
,,,,,,,,,,,,,,,,http://forgescan.github.io/web//.html,,,,,
,,,,,,,,,,,,,,,,http://forgescan.github.io/web//.html,,,,,
,,,,,,,,,,,,,,,,http://forgescan.github.io/web//.html,,,,,
,,,,,,,,,,,,,,,,http://forgescan.github.io/web//.html,,,,,
,,,,,,,,,,,,,,,,http://forgescan.github.io/web//.html,,,,,
,,,,,,,,,,,,,,,,http://forgescan.github.io/web//.html,,,,,
,,,,,,,,,,,,,,,,http://forgescan.github.io/web//.html,,,,,
,,,,,,,,,,,,,,,,http://forgescan.github.io/web//.html,,,,,
,,,,,,,,,,,,,,,,http://forgescan.github.io/web//.html,,,,,
,,,,,,,,,,,,,,,,http://forgescan.github.io/web//.html,,,,,
,,,,,,,,,,,,,,,,http://forgescan.github.io/web//.html,,,,,
,,,,,,,,,,,,,,,,http://forgescan.github.io/web//.html,,,,,
,,,,,,,,,,,,,,,,http://forgescan.github.io/web//.html,,,,,
,,,,,,,,,,,,,,,,http://forgescan.github.io/web//.html,,,,,
,,,,,,,,,,,,,,,,http://forgescan.github.io/web//.html,,,,,
,,,,,,,,,,,,,,,,http://forgescan.github.io/web//.html,,,,,
,,,,,,,,,,,,,,,,http://forgescan.github.io/web//.html,,,,,
,,,,,,,,,,,,,,,,http://forgescan.github.io/web//.html,,,,,
,,,,,,,,,,,,,,,,http://forgescan.github.io/web//.html,,,,,
,,,,,,,,,,,,,,,,http://forgescan.github.io/web//.html,,,,,
,,,,,,,,,,,,,,,,http://forgescan.github.io/web//.html,,,,,
,,,,,,,,,,,,,,,,http://forgescan.github.io/web//.html,,,,,
,,,,,,,,,,,,,,,,http://forgescan.github.io/web//.html,,,,,
,,,,,,,,,,,,,,,,http://forgescan.github.io/web//.html,,,,,
,,,,,,,,,,,,,,,,http://forgescan.github.io/web//.html,,,,,
,,,,,,,,,,,,,,,,http://forgescan.github.io/web//.html,,,,,
,,,,,,,,,,,,,,,,http://forgescan.github.io/web//.html,,,,,
,,,,,,,,,,,,,,,,http://forgescan.github.io/web//.html,,,,,
,,,,,,,,,,,,,,,,http://forgescan.github.io/web//.html,,,,,
,,,,,,,,,,,,,,,,http://forgescan.github.io/web//.html,,,,,
,,,,,,,,,,,,,,,,http://forgescan.github.io/web//.html,,,,,
,,,,,,,,,,,,,,,,http://forgescan.github.io/web//.html,,,,,
,,,,,,,,,,,,,,,,http://forgescan.github.io/web//.html,,,,,
,,,,,,,,,,,,,,,,http://forgescan.github.io/web//.html,,,,,
,,,,,,,,,,,,,,,,http://forgescan.github.io/web//.html,,,,,
,,,,,,,,,,,,,,,,http://forgescan.github.io/web//.html,,,,,
,,,,,,,,,,,,,,,,http://forgescan.github.io/web//.html,,,,,
,,,,,,,,,,,,,,,,http://forgescan.github.io/web//.html,,,,,
,,,,,,,,,,,,,,,,http://forgescan.github.io/web//.html,,,,,
,,,,,,,,,,,,,,,,http://forgescan.github.io/web//.html,,,,,
,,,,,,,,,,,,,,,,http://forgescan.github.io/web//.html,,,,,
,,,,,,,,,,,,,,,,http://forgescan.github.io/web//.html,,,,,
,,,,,,,,,,,,,,,,http://forgescan.github.io/web//.html,,,,,
,,,,,,,,,,,,,,,,http://forgescan.github.io/web//.html,,,,,
,,,,,,,,,,,,,,,,http://forgescan.github.io/web//.html,,,,,
,,,,,,,,,,,,,,,,http://forgescan.github.io/web//.html,,,,,
,,,,,,,,,,,,,,,,http://forgescan.github.io/web//.html,,,,,
,,,,,,,,,,,,,,,,http://forgescan.github.io/web//.html,,,,,
,,,,,,,,,,,,,,,,http://forgescan.github.io/web//.html,,,,,
,,,,,,,,,,,,,,,,http://forgescan.github.io/web//.html,,,,,
,,,,,,,,,,,,,,,,http://forgescan.github.io/web//.html,,,,,
,,,,,,,,,,,,,,,,http://forgescan.github.io/web//.html,,,,,
,,,,,,,,,,,,,,,,http://forgescan.github.io/web//.html,,,,,
,,,,,,,,,,,,,,,,http://forgescan.github.io/web//.html,,,,,
,,,,,,,,,,,,,,,,http://forgescan.github.io/web//.html,,,,,
,,,,,,,,,,,,,,,,http://forgescan.github.io/web//.html,,,,,
,,,,,,,,,,,,,,,,http://forgescan.github.io/web//.html,,,,,
,,,,,,,,,,,,,,,,http://forgescan.github.io/web//.html,,,,,
,,,,,,,,,,,,,,,,http://forgescan.github.io/web//.html,,,,,
,,,,,,,,,,,,,,,,http://forgescan.github.io/web//.html,,,,,
,,,,,,,,,,,,,,,,http://forgescan.github.io/web//.html,,,,,
,,,,,,,,,,,,,,,,http://forgescan.github.io/web//.html,,,,,
,,,,,,,,,,,,,,,,http://forgescan.github.io/web//.html,,,,,
,,,,,,,,,,,,,,,,http://forgescan.github.io/web//.html,,,,,
,,,,,,,,,,,,,,,,http://forgescan.github.io/web//.html,,,,,
,,,,,,,,,,,,,,,,http://forgescan.github.io/web//.html,,,,,
,,,,,,,,,,,,,,,,http://forgescan.github.io/web//.html,,,,,
,,,,,,,,,,,,,,,,http://forgescan.github.io/web//.html,,,,,
,,,,,,,,,,,,,,,,http://forgescan.github.io/web//.html,,,,,
,,,,,,,,,,,,,,,,http://forgescan.github.io/web//.html,,,,,
,,,,,,,,,,,,,,,,http://forgescan.github.io/web//.html,,,,,
,,,,,,,,,,,,,,,,http://forgescan.github.io/web//.html,,,,,
,,,,,,,,,,,,,,,,http://forgescan.github.io/web//.html,,,,,
,,,,,,,,,,,,,,,,http://forgescan.github.io/web//.html,,,,,
,,,,,,,,,,,,,,,,http://forgescan.github.io/web//.html,,,,,
,,,,,,,,,,,,,,,,http://forgescan.github.io/web//.html,,,,,
,,,,,,,,,,,,,,,,http://forgescan.github.io/web//.html,,,,,
,,,,,,,,,,,,,,,,http://forgescan.github.io/web//.html,,,,,
,,,,,,,,,,,,,,,,http://forgescan.github.io/web//.html,,,,,
,,,,,,,,,,,,,,,,http://forgescan.github.io/web//.html,,,,,
,,,,,,,,,,,,,,,,http://forgescan.github.io/web//.html,,,,,
,,,,,,,,,,,,,,,,http://forgescan.github.io/web//.html,,,,,
,,,,,,,,,,,,,,,,http://forgescan.github.io/web//.html,,,,,
,,,,,,,,,,,,,,,,http://forgescan.github.io/web//.html,,,,,
,,,,,,,,,,,,,,,,http://forgescan.github.io/web//.html,,,,,
,,,,,,,,,,,,,,,,http://forgescan.github.io/web//.html,,,,,
,,,,,,,,,,,,,,,,http://forgescan.github.io/web//.html,,,,,
,,,,,,,,,,,,,,,,http://forgescan.github.io/web//.html,,,,,
,,,,,,,,,,,,,,,,http://forgescan.github.io/web//.html,,,,,
,,,,,,,,,,,,,,,,http://forgescan.github.io/web//.html,,,,,
,,,,,,,,,,,,,,,,http://forgescan.github.io/web//.html,,,,,
,,,,,,,,,,,,,,,,http://forgescan.github.io/web//.html,,,,,
,,,,,,,,,,,,,,,,http://forgescan.github.io/web//.html,,,,,
,,,,,,,,,,,,,,,,http://forgescan.github.io/web//.html,,,,,
,,,,,,,,,,,,,,,,http://forgescan.github.io/web//.html,,,,,
,,,,,,,,,,,,,,,,http://forgescan.github.io/web//.html,,,,,
,,,,,,,,,,,,,,,,http://forgescan.github.io/web//.html,,,,,
,,,,,,,,,,,,,,,,http://forgescan.github.io/web//.html,,,,,
,,,,,,,,,,,,,,,,http://forgescan.github.io/web//.html,,,,,
,,,,,,,,,,,,,,,,http://forgescan.github.io/web//.html,,,,,
,,,,,,,,,,,,,,,,http://forgescan.github.io/web//.html,,,,,
,,,,,,,,,,,,,,,,http://forgescan.github.io/web//.html,,,,,
,,,,,,,,,,,,,,,,http://forgescan.github.io/web//.html,,,,,
,,,,,,,,,,,,,,,,http://forgescan.github.io/web//.html,,,,,
,,,,,,,,,,,,,,,,http://forgescan.github.io/web//.html,,,,,
,,,,,,,,,,,,,,,,http://forgescan.github.io/web//.html,,,,,
,,,,,,,,,,,,,,,,http://forgescan.github.io/web//.html,,,,,
,,,,,,,,,,,,,,,,http://forgescan.github.io/web//.html,,,,,
,,,,,,,,,,,,,,,,http://forgescan.github.io/web//.html,,,,,
,,,,,,,,,,,,,,,,http://forgescan.github.io/web//.html,,,,,
,,,,,,,,,,,,,,,,http://forgescan.github.io/web//.html,,,,,
,,,,,,,,,,,,,,,,http://forgescan.github.io/web//.html,,,,,
,,,,,,,,,,,,,,,,http://forgescan.github.io/web//.html,,,,,
,,,,,,,,,,,,,,,,http://forgescan.github.io/web//.html,,,,,
,,,,,,,,,,,,,,,,http://forgescan.github.io/web//.html,,,,,
,,,,,,,,,,,,,,,,http://forgescan.github.io/web//.html,,,,,
,,,,,,,,,,,,,,,,http://forgescan.github.io/web//.html,,,,,
,,,,,,,,,,,,,,,,http://forgescan.github.io/web//.html,,,,,
,,,,,,,,,,,,,,,,http://forgescan.github.io/web//.html,,,,,
,,,,,,,,,,,,,,,,http://forgescan.github.io/web//.html,,,,,
,,,,,,,,,,,,,,,,http://forgescan.github.io/web//.html,,,,,
,,,,,,,,,,,,,,,,http://forgescan.github.io/web//.html,,,,,
,,,,,,,,,,,,,,,,http://forgescan.github.io/web//.html,,,,,
,,,,,,,,,,,,,,,,http://forgescan.github.io/web//.html,,,,,
,,,,,,,,,,,,,,,,http://forgescan.github.io/web//.html,,,,,
,,,,,,,,,,,,,,,,http://forgescan.github.io/web//.html,,,,,
,,,,,,,,,,,,,,,,http://forgescan.github.io/web//.html,,,,,
,,,,,,,,,,,,,,,,http://forgescan.github.io/web//.html,,,,,
,,,,,,,,,,,,,,,,http://forgescan.github.io/web//.html,,,,,
,,,,,,,,,,,,,,,,http://forgescan.github.io/web//.html,,,,,
,,,,,,,,,,,,,,,,http://forgescan.github.io/web//.html,,,,,
,,,,,,,,,,,,,,,,http://forgescan.github.io/web//.html,,,,,
,,,,,,,,,,,,,,,,http://forgescan.github.io/web//.html,,,,,
,,,,,,,,,,,,,,,,http://forgescan.github.io/web//.html,,,,,
,,,,,,,,,,,,,,,,http://forgescan.github.io/web//.html,,,,,
,,,,,,,,,,,,,,,,http://forgescan.github.io/web//.html,,,,,
,,,,,,,,,,,,,,,,http://forgescan.github.io/web//.html,,,,,
,,,,,,,,,,,,,,,,http://forgescan.github.io/web//.html,,,,,
,,,,,,,,,,,,,,,,http://forgescan.github.io/web//.html,,,,,
,,,,,,,,,,,,,,,,http://forgescan.github.io/web//.html,,,,,
,,,,,,,,,,,,,,,,http://forgescan.github.io/web//.html,,,,,
,,,,,,,,,,,,,,,,http://forgescan.github.io/web//.html,,,,,
,,,,,,,,,,,,,,,,http://forgescan.github.io/web//.html,,,,,
,,,,,,,,,,,,,,,,http://forgescan.github.io/web//.html,,,,,
,,,,,,,,,,,,,,,,http://forgescan.github.io/web//.html,,,,,
,,,,,,,,,,,,,,,,http://forgescan.github.io/web//.html,,,,,
,,,,,,,,,,,,,,,,http://forgescan.github.io/web//.html,,,,,
,,,,,,,,,,,,,,,,http://forgescan.github.io/web//.html,,,,,
,,,,,,,,,,,,,,,,http://forgescan.github.io/web//.html,,,,,
,,,,,,,,,,,,,,,,http://forgescan.github.io/web//.html,,,,,
,,,,,,,,,,,,,,,,http://forgescan.github.io/web//.html,,,,,
,,,,,,,,,,,,,,,,http://forgescan.github.io/web//.html,,,,,
,,,,,,,,,,,,,,,,http://forgescan.github.io/web//.html,,,,,
,,,,,,,,,,,,,,,,http://forgescan.github.io/web//.html,,,,,
,,,,,,,,,,,,,,,,http://forgescan.github.io/web//.html,,,,,
,,,,,,,,,,,,,,,,http://forgescan.github.io/web//.html,,,,,
,,,,,,,,,,,,,,,,http://forgescan.github.io/web//.html,,,,,
,,,,,,,,,,,,,,,,http://forgescan.github.io/web//.html,,,,,
,,,,,,,,,,,,,,,,http://forgescan.github.io/web//.html,,,,,
,,,,,,,,,,,,,,,,http://forgescan.github.io/web//.html,,,,,
,,,,,,,,,,,,,,,,http://forgescan.github.io/web//.html,,,,,
,,,,,,,,,,,,,,,,http://forgescan.github.io/web//.html,,,,,
,,,,,,,,,,,,,,,,http://forgescan.github.io/web//.html,,,,,
,,,,,,,,,,,,,,,,http://forgescan.github.io/web//.html,,,,,
,,,,,,,,,,,,,,,,http://forgescan.github.io/web//.html,,,,,
,,,,,,,,,,,,,,,,http://forgescan.github.io/web//.html,,,,,
,,,,,,,,,,,,,,,,http://forgescan.github.io/web//.html,,,,,
,,,,,,,,,,,,,,,,http://forgescan.github.io/web//.html,,,,,
,,,,,,,,,,,,,,,,http://forgescan.github.io/web//.html,,,,,
,,,,,,,,,,,,,,,,http://forgescan.github.io/web//.html,,,,,
,,,,,,,,,,,,,,,,http://forgescan.github.io/web//.html,,,,,
,,,,,,,,,,,,,,,,http://forgescan.github.io/web//.html,,,,,
,,,,,,,,,,,,,,,,http://forgescan.github.io/web//.html,,,,,
,,,,,,,,,,,,,,,,http://forgescan.github.io/web//.html,,,,,
,,,,,,,,,,,,,,,,http://forgescan.github.io/web//.html,,,,,
,,,,,,,,,,,,,,,,http://forgescan.github.io/web//.html,,,,,
,,,,,,,,,,,,,,,,http://forgescan.github.io/web//.html,,,,,
,,,,,,,,,,,,,,,,http://forgescan.github.io/web//.html,,,,,
,,,,,,,,,,,,,,,,http://forgescan.github.io/web//.html,,,,,
,,,,,,,,,,,,,,,,http://forgescan.github.io/web//.html,,,,,
,,,,,,,,,,,,,,,,http://forgescan.github.io/web//.html,,,,,
,,,,,,,,,,,,,,,,http://forgescan.github.io/web//.html,,,,,
,,,,,,,,,,,,,,,,http://forgescan.github.io/web//.html,,,,,
,,,,,,,,,,,,,,,,http://forgescan.github.io/web//.html,,,,,
,,,,,,,,,,,,,,,,http://forgescan.github.io/web//.html,,,,,
,,,,,,,,,,,,,,,,http://forgescan.github.io/web//.html,,,,,